{"name": ["empirical_last_value", "sluggish_moving_average", "slowly_moving_average", "quickly_moving_average", "rapidly_moving_average", "balanced_ema_ensemble", "aggressive_ema_ensemble", "precision_ema_ensemble", "regress_change_on_first_known", "fbprophet_exogenous", "fbprophet_known", "fbprophet_univariate", "fbprophet_recursive", "fbprophet_cautious", "fbprophet_exogenous_hypocratic", "fbprophet_univariate_hypocratic", "fbprophet_cautious_hypocratic", "fbprophet_exogenous_exogenous", "fbprophet_univariate_univariate_hypocratic", "divine_univariate", "divine_univariate_hypocratic_slow", "divine_univariate_hypocratic_fast", "dlm_univariate_a", "dlm_univariate_b", "thinking_fast_and_fast", "thinking_fast_and_slow", "thinking_slow_and_slow", "thinking_slow_and_fast", "pmd_univariate", "pmd_exogenous_hypocratic", "quick_balanced_ema_ensemble", "slow_balanced_ema_ensemble", "quick_aggressive_ema_ensemble", "slow_aggressive_ema_ensemble", "quick_precision_ema_ensemble", "slow_precision_ema_ensemble", "tsa_p1_d0_q0", "tsa_p2_d0_q0", "tsa_p3_d0_q0", "tsa_p1_d0_q1", "tsa_p2_d0_q1", "tsa_p3_d0_q1", "tsa_p1_d1_q0", "tsa_p2_d1_q0", "tsa_p3_d1_q0", "nprophet_p1", "nprophet_p2", "nprophet_p3", "nprophet_p5", "nprophet_p8", "nprophet_p1_hypocratic", "nprophet_p2_hypocratic", "nprophet_p3_hypocratic", "nprophet_p5_hypocratic", "nprophet_p8_hypocratic"], "count": [49, 64, 52, 63, 46, 56, 55, 61, 0, 26, 32, 29, 34, 31, 35, 33, 24, 26, 34, 38, 32, 23, 0, 0, 58, 59, 56, 50, 29, 25, 73, 58, 69, 52, 51, 50, 54, 49, 57, 55, 49, 44, 0, 0, 0, 31, 27, 32, 24, 28, 32, 25, 20, 29, 27], "rating": [1148.7627413406776, 1750.2921616585736, 1650.4386981401656, 1669.3614489930987, 1410.696884407446, 1855.9264604294174, 1788.8464493688703, 1793.0195112249812, 1600, 1651.8718715773168, 1648.1048429416855, 1584.5552581002328, 1413.3377995150265, 1438.7814683276622, 1557.6389092517006, 1498.1023986843647, 1527.9297723586694, 1237.436441330758, 1262.9531765063666, 1767.0752390377843, 1751.0362050837423, 1835.3487904317294, 1600, 1600, 1383.3022714554984, 1798.776582570051, 1804.5245826598543, 1863.3632967397205, 1511.1146630416854, 1684.2956494876812, 1773.4665736147147, 1907.4502358935677, 1550.706382177426, 1805.1801369001691, 1723.5825068913894, 1686.6175008603584, 1551.1106989664113, 1805.2762024797448, 1685.93578523236, 1817.2787046795333, 1815.2426876008067, 2055.680905088021, 1600, 1600, 1600, 1467.9387177650472, 1414.932999403703, 1455.9540060940599, 1368.1004285811, 1373.5447488514455, 1490.7462768012697, 1129.6663698981567, 1428.506601970291, 1356.383412726697, 1449.8045428589667], "traceback": ["passing", "passing", "passing", "passing", "passing", "passing", "passing", "passing", "Traceback (most recent call last):\n  File \"/Users/petercotton/virtual-envs/timeseries-elo-ratings/lib/python3.7/site-packages/timemachines/skatertools/comparison/skaterelo.py\", line 90, in skater_elo_update\n    score = evaluator(f=f, y=y, k=k, a=None, t=t, e=None, n_burn=n_burn)\n  File \"/Users/petercotton/virtual-envs/timeseries-elo-ratings/lib/python3.7/site-packages/timemachines/skatertools/evaluation/evaluators.py\", line 30, in evaluate_mean_squared_error\n    return evaluate_sklearn_metric(f=f, y=y, k=k, a=a, t=t, e=e, r=r, metric=mean_squared_error, n_burn=n_burn)\n  File \"/Users/petercotton/virtual-envs/timeseries-elo-ratings/lib/python3.7/site-packages/timemachines/skatertools/evaluation/evaluators.py\", line 22, in evaluate_sklearn_metric\n    x, x_std = prior(f=f, y=y, k=k, a=a, t=t, r=r, e=e )\n  File \"/Users/petercotton/virtual-envs/timeseries-elo-ratings/lib/python3.7/site-packages/timemachines/skating.py\", line 53, in prior\n    x_post, x_std = posterior(f=f, y=y, k=k, a=a, t=t, e=e, r=r)\n  File \"/Users/petercotton/virtual-envs/timeseries-elo-ratings/lib/python3.7/site-packages/timemachines/skating.py\", line 39, in posterior\n    xi, x_stdi, s = f(y=yi, s=s, k=k, a=ai, t=ti, e=e) # <-- Must provide k-vectors (mean, std devo)\n  File \"/Users/petercotton/virtual-envs/timeseries-elo-ratings/lib/python3.7/site-packages/timemachines/skaters/simple/linear.py\", line 23, in regress_change_on_first_known\n    dy_hat, dy_hat_std = regress_level_on_first_known(y=[dy0], s=s['d'], k=k, a=a, t=t, e=e)\nValueError: too many values to unpack (expected 2)\n", "passing", "passing", "passing", "passing", "passing", "passing", "passing", "passing", "passing", "passing", "passing", "passing", "passing", "not yet run", "not yet run", "passing", "passing", "passing", "passing", "passing", "passing", "passing", "passing", "passing", "passing", "passing", "passing", "passing", "passing", "passing", "passing", "passing", "passing", "not yet run", "not yet run", "not yet run", "passing", "passing", "passing", "passing", "passing", "passing", "passing", "passing", "passing", "passing"], "active": [true, true, true, true, true, true, true, true, false, false, false, false, false, true, false, false, false, false, false, false, false, false, false, false, true, true, true, true, false, false, true, true, true, true, true, true, true, true, true, true, true, true, false, false, false, false, false, false, false, false, false, false, false, false, false], "evaluator": "evaluate_mean_squared_error"}