{"name": ["empirical_last_value", "sluggish_moving_average", "slowly_moving_average", "quickly_moving_average", "rapidly_moving_average", "balanced_ema_ensemble", "aggressive_ema_ensemble", "precision_ema_ensemble", "regress_change_on_first_known", "fbprophet_exogenous", "fbprophet_known", "fbprophet_univariate", "fbprophet_recursive", "fbprophet_cautious", "fbprophet_exogenous_hypocratic", "fbprophet_univariate_hypocratic", "fbprophet_cautious_hypocratic", "fbprophet_exogenous_exogenous", "fbprophet_univariate_univariate_hypocratic", "divine_univariate", "divine_univariate_hypocratic_slow", "divine_univariate_hypocratic_fast", "dlm_univariate_a", "dlm_univariate_b", "thinking_fast_and_fast", "thinking_fast_and_slow", "thinking_slow_and_slow", "thinking_slow_and_fast", "pmd_univariate", "pmd_exogenous_hypocratic", "quick_balanced_ema_ensemble", "slow_balanced_ema_ensemble", "quick_aggressive_ema_ensemble", "slow_aggressive_ema_ensemble", "quick_precision_ema_ensemble", "slow_precision_ema_ensemble", "tsa_p1_d0_q0", "tsa_p2_d0_q0", "tsa_p3_d0_q0", "tsa_p1_d0_q1", "tsa_p2_d0_q1", "tsa_p3_d0_q1", "tsa_p1_d1_q0", "tsa_p2_d1_q0", "tsa_p3_d1_q0", "nprophet_p1", "nprophet_p2", "nprophet_p3", "nprophet_p5", "nprophet_p8", "nprophet_p1_hypocratic", "nprophet_p2_hypocratic", "nprophet_p3_hypocratic", "nprophet_p5_hypocratic", "nprophet_p8_hypocratic"], "count": [63, 54, 56, 61, 49, 53, 52, 61, 0, 27, 30, 20, 28, 26, 32, 26, 29, 29, 29, 26, 22, 30, 0, 0, 70, 44, 59, 46, 24, 25, 59, 53, 54, 45, 66, 43, 50, 40, 50, 43, 49, 43, 0, 0, 0, 22, 23, 25, 28, 30, 21, 23, 21, 24, 35], "rating": [1097.0317347822986, 1285.7494877826016, 1544.8329497756151, 1722.1679777553868, 1414.9233800693873, 1763.0852476542525, 1646.989973304218, 1910.2803196237455, 1600, 1468.3564112245751, 1298.41477227728, 1403.7344008392809, 1409.5083739896875, 1471.608399731232, 1623.931963285581, 1593.6369588371215, 1581.5821033180457, 1370.466002568562, 1616.3674775398108, 1564.5112433129668, 1710.0100497549897, 1736.9100669809154, 1600, 1600, 1614.6496807761393, 1614.1549627970257, 1456.3983653164544, 1827.2051146703493, 1466.8300900508996, 1403.7776808230706, 1811.787776146745, 1875.4507197332805, 1666.1913241071848, 1615.2557283835858, 1701.3278947630795, 1742.9119891759628, 1776.9870303751716, 1847.25552578011, 1826.577494542617, 1893.6780873722562, 1999.3012925727046, 1890.983410437489, 1600, 1600, 1600, 1638.7613898911575, 1402.3688558591198, 1668.4225317878709, 1560.0567626896072, 1372.4861404153773, 1618.8013733695177, 1617.3738088496093, 1447.501774018474, 1406.1009241839643, 1403.3029767036223], "traceback": ["passing", "passing", "passing", "passing", "passing", "passing", "passing", "passing", "Traceback (most recent call last):\n  File \"/Users/petercotton/virtual-envs/timeseries-elo-ratings/lib/python3.7/site-packages/timemachines/skatertools/comparison/skaterelo.py\", line 90, in skater_elo_update\n    score = evaluator(f=f, y=y, k=k, a=None, t=t, e=None, n_burn=n_burn)\n  File \"/Users/petercotton/virtual-envs/timeseries-elo-ratings/lib/python3.7/site-packages/timemachines/skatertools/evaluation/evaluators.py\", line 30, in evaluate_mean_squared_error\n    return evaluate_sklearn_metric(f=f, y=y, k=k, a=a, t=t, e=e, r=r, metric=mean_squared_error, n_burn=n_burn)\n  File \"/Users/petercotton/virtual-envs/timeseries-elo-ratings/lib/python3.7/site-packages/timemachines/skatertools/evaluation/evaluators.py\", line 22, in evaluate_sklearn_metric\n    x, x_std = prior(f=f, y=y, k=k, a=a, t=t, r=r, e=e )\n  File \"/Users/petercotton/virtual-envs/timeseries-elo-ratings/lib/python3.7/site-packages/timemachines/skating.py\", line 53, in prior\n    x_post, x_std = posterior(f=f, y=y, k=k, a=a, t=t, e=e, r=r)\n  File \"/Users/petercotton/virtual-envs/timeseries-elo-ratings/lib/python3.7/site-packages/timemachines/skating.py\", line 39, in posterior\n    xi, x_stdi, s = f(y=yi, s=s, k=k, a=ai, t=ti, e=e) # <-- Must provide k-vectors (mean, std devo)\n  File \"/Users/petercotton/virtual-envs/timeseries-elo-ratings/lib/python3.7/site-packages/timemachines/skaters/simple/linear.py\", line 23, in regress_change_on_first_known\n    dy_hat, dy_hat_std = regress_level_on_first_known(y=[dy0], s=s['d'], k=k, a=a, t=t, e=e)\nValueError: too many values to unpack (expected 2)\n", "passing", "passing", "passing", "passing", "passing", "passing", "passing", "passing", "passing", "passing", "passing", "passing", "passing", "not yet run", "not yet run", "passing", "passing", "passing", "passing", "passing", "passing", "passing", "passing", "passing", "passing", "passing", "passing", "passing", "passing", "passing", "passing", "passing", "passing", "not yet run", "not yet run", "not yet run", "passing", "passing", "passing", "passing", "passing", "passing", "passing", "passing", "passing", "passing"], "active": [true, true, true, true, true, true, true, true, false, false, false, false, false, false, false, false, false, true, true, false, false, false, false, false, true, true, true, true, false, false, true, true, true, true, true, true, true, true, true, true, true, true, false, false, false, false, false, false, false, false, false, false, false, false, true], "evaluator": "evaluate_mean_squared_error"}