{"name": ["empirical_last_value", "sluggish_moving_average", "slowly_moving_average", "quickly_moving_average", "rapidly_moving_average", "balanced_ema_ensemble", "aggressive_ema_ensemble", "precision_ema_ensemble", "regress_change_on_first_known", "fbprophet_exogenous", "fbprophet_known", "fbprophet_univariate", "fbprophet_recursive", "fbprophet_cautious", "fbprophet_exogenous_hypocratic", "fbprophet_univariate_hypocratic", "fbprophet_cautious_hypocratic", "fbprophet_exogenous_exogenous", "fbprophet_univariate_univariate_hypocratic", "divine_univariate", "divine_univariate_hypocratic_slow", "divine_univariate_hypocratic_fast", "dlm_univariate_a", "dlm_univariate_b", "thinking_fast_and_fast", "thinking_fast_and_slow", "thinking_slow_and_slow", "thinking_slow_and_fast", "pmd_univariate", "pmd_exogenous_hypocratic", "quick_balanced_ema_ensemble", "slow_balanced_ema_ensemble", "quick_aggressive_ema_ensemble", "slow_aggressive_ema_ensemble", "quick_precision_ema_ensemble", "slow_precision_ema_ensemble", "tsa_p1_d0_q0", "tsa_p2_d0_q0", "tsa_p3_d0_q0", "tsa_p1_d0_q1", "tsa_p2_d0_q1", "tsa_p3_d0_q1", "tsa_p1_d1_q0", "tsa_p2_d1_q0", "tsa_p3_d1_q0", "nprophet_p1", "nprophet_p2", "nprophet_p3", "nprophet_p5", "nprophet_p8", "nprophet_p1_hypocratic", "nprophet_p2_hypocratic", "nprophet_p3_hypocratic", "nprophet_p5_hypocratic", "nprophet_p8_hypocratic"], "count": [61, 52, 68, 60, 81, 58, 68, 47, 0, 31, 32, 25, 26, 24, 32, 37, 36, 29, 30, 31, 41, 27, 0, 0, 46, 59, 56, 65, 29, 21, 56, 66, 62, 77, 61, 66, 69, 65, 66, 67, 39, 55, 0, 0, 0, 41, 27, 25, 23, 20, 26, 26, 34, 28, 21], "rating": [1086.8486098157869, 1903.9868679334322, 1845.1506479911554, 1638.3673834588476, 1344.8333066478501, 1685.2703136691405, 1851.3573593221652, 1783.189739236594, 1600, 1496.5168783816637, 1582.21645482956, 1583.456014467347, 1474.3254378897998, 1686.6022867143947, 1395.3315587758943, 1402.699783342104, 1417.6276383615398, 1065.2670808658515, 1015.6904771088759, 1717.4593184205396, 1759.432579157053, 1899.847353132065, 1600, 1600, 1553.2095854702616, 1839.519723906697, 1931.7425305466854, 1857.4686564973047, 1475.697894594838, 1794.8285660726324, 1630.3098789428925, 1782.9329575085283, 1732.4065396372573, 1771.4162038064453, 1844.4082001909203, 1771.1211414657134, 1829.6627597578358, 1895.631710982974, 1943.6592469940456, 2015.0254979639735, 1956.209068637224, 1881.4889714022418, 1600, 1600, 1600, 1424.3606224505243, 1344.8737888812962, 1337.685465665819, 1352.6470826735258, 1388.1889830625187, 1212.0541166757127, 1232.7162425918818, 1225.5697174353916, 1183.9137805371345, 1555.7739761260661], "traceback": ["passing", "passing", "passing", "passing", "passing", "passing", "passing", "passing", "Traceback (most recent call last):\n  File \"/Users/petercotton/virtual-envs/timeseries-elo-ratings/lib/python3.7/site-packages/timemachines/skatertools/comparison/skaterelo.py\", line 90, in skater_elo_update\n    score = evaluator(f=f, y=y, k=k, a=None, t=t, e=None, n_burn=n_burn)\n  File \"/Users/petercotton/virtual-envs/timeseries-elo-ratings/lib/python3.7/site-packages/timemachines/skatertools/evaluation/evaluators.py\", line 30, in evaluate_mean_squared_error\n    return evaluate_sklearn_metric(f=f, y=y, k=k, a=a, t=t, e=e, r=r, metric=mean_squared_error, n_burn=n_burn)\n  File \"/Users/petercotton/virtual-envs/timeseries-elo-ratings/lib/python3.7/site-packages/timemachines/skatertools/evaluation/evaluators.py\", line 22, in evaluate_sklearn_metric\n    x, x_std = prior(f=f, y=y, k=k, a=a, t=t, r=r, e=e )\n  File \"/Users/petercotton/virtual-envs/timeseries-elo-ratings/lib/python3.7/site-packages/timemachines/skating.py\", line 53, in prior\n    x_post, x_std = posterior(f=f, y=y, k=k, a=a, t=t, e=e, r=r)\n  File \"/Users/petercotton/virtual-envs/timeseries-elo-ratings/lib/python3.7/site-packages/timemachines/skating.py\", line 39, in posterior\n    xi, x_stdi, s = f(y=yi, s=s, k=k, a=ai, t=ti, e=e) # <-- Must provide k-vectors (mean, std devo)\n  File \"/Users/petercotton/virtual-envs/timeseries-elo-ratings/lib/python3.7/site-packages/timemachines/skaters/simple/linear.py\", line 23, in regress_change_on_first_known\n    dy_hat, dy_hat_std = regress_level_on_first_known(y=[dy0], s=s['d'], k=k, a=a, t=t, e=e)\nValueError: too many values to unpack (expected 2)\n", "passing", "passing", "passing", "passing", "passing", "passing", "passing", "passing", "passing", "passing", "passing", "passing", "passing", "not yet run", "not yet run", "passing", "passing", "passing", "passing", "passing", "passing", "passing", "passing", "passing", "passing", "passing", "passing", "passing", "passing", "passing", "passing", "passing", "passing", "not yet run", "not yet run", "not yet run", "passing", "passing", "passing", "passing", "passing", "passing", "passing", "passing", "passing", "passing"], "active": [true, true, true, true, true, true, true, true, false, false, false, false, false, false, false, false, false, false, false, false, false, false, false, false, true, true, true, true, false, false, true, true, true, true, true, true, true, true, true, true, true, true, false, false, false, false, false, true, false, true, false, false, false, false, false], "evaluator": "evaluate_mean_squared_error"}