{"name": ["empirical_last_value", "sluggish_moving_average", "slowly_moving_average", "quickly_moving_average", "rapidly_moving_average", "balanced_ema_ensemble", "aggressive_ema_ensemble", "precision_ema_ensemble", "regress_change_on_first_known", "fbprophet_exogenous", "fbprophet_known", "fbprophet_univariate", "fbprophet_recursive", "fbprophet_cautious", "fbprophet_exogenous_hypocratic", "fbprophet_univariate_hypocratic", "fbprophet_cautious_hypocratic", "fbprophet_exogenous_exogenous", "fbprophet_univariate_univariate_hypocratic", "divine_univariate", "divine_univariate_hypocratic_slow", "divine_univariate_hypocratic_fast", "dlm_univariate_a", "dlm_univariate_b", "thinking_fast_and_fast", "thinking_fast_and_slow", "thinking_slow_and_slow", "thinking_slow_and_fast", "pmd_univariate", "pmd_exogenous_hypocratic", "quick_balanced_ema_ensemble", "slow_balanced_ema_ensemble", "quick_aggressive_ema_ensemble", "slow_aggressive_ema_ensemble", "quick_precision_ema_ensemble", "slow_precision_ema_ensemble", "tsa_p1_d0_q0", "tsa_p2_d0_q0", "tsa_p3_d0_q0", "tsa_p1_d0_q1", "tsa_p2_d0_q1", "tsa_p3_d0_q1", "tsa_p1_d1_q0", "tsa_p2_d1_q0", "tsa_p3_d1_q0", "nprophet_p1", "nprophet_p2", "nprophet_p3", "nprophet_p5", "nprophet_p8", "nprophet_p1_hypocratic", "nprophet_p2_hypocratic", "nprophet_p3_hypocratic", "nprophet_p5_hypocratic", "nprophet_p8_hypocratic"], "count": [40, 54, 73, 64, 61, 55, 59, 71, 0, 24, 33, 30, 25, 31, 27, 32, 34, 33, 37, 31, 35, 35, 0, 0, 66, 80, 54, 64, 24, 22, 61, 60, 59, 56, 60, 68, 58, 51, 60, 70, 60, 63, 0, 0, 0, 25, 26, 23, 30, 17, 21, 20, 27, 24, 21], "rating": [1181.8270803902494, 2068.454762802404, 1945.6293376153897, 1606.1502978084272, 1379.7068111515684, 1836.3857868726468, 1858.605656263599, 1800.1939524283268, 1600, 1508.5976242245513, 1518.787698480688, 1498.0367829864972, 1518.9310413682258, 1497.4015224225436, 1578.1165190667784, 1498.1438298171367, 1468.293769700127, 1195.8132724200739, 1084.4353125893813, 1627.7865270034072, 1714.360145926467, 1788.0096358241533, 1600, 1600, 1497.5768695863778, 1933.1777941152002, 1789.3231254543778, 2106.7657665479364, 1899.6103593323248, 1786.2104654390703, 1706.0467177786024, 1758.1884609444446, 1587.2974159974174, 1723.0323079019013, 1741.3123266923594, 1650.0659773796547, 1788.8112066028855, 1736.3318345030332, 1842.6313575562747, 2075.9847346416727, 1919.5798074908146, 1915.7362217668378, 1600, 1600, 1600, 1286.0667463432976, 1268.4628351318631, 1242.3678568230434, 1272.588057399869, 1405.9294339932223, 1219.207980559052, 1332.3984395572152, 1217.5151348021486, 1181.4113754721025, 1342.7020230243606], "traceback": ["passing", "passing", "passing", "passing", "passing", "passing", "passing", "passing", "Traceback (most recent call last):\n  File \"/Users/petercotton/virtual-envs/timeseries-elo-ratings/lib/python3.7/site-packages/timemachines/skatertools/comparison/skaterelo.py\", line 90, in skater_elo_update\n    score = evaluator(f=f, y=y, k=k, a=None, t=t, e=None, n_burn=n_burn)\n  File \"/Users/petercotton/virtual-envs/timeseries-elo-ratings/lib/python3.7/site-packages/timemachines/skatertools/evaluation/evaluators.py\", line 30, in evaluate_mean_squared_error\n    return evaluate_sklearn_metric(f=f, y=y, k=k, a=a, t=t, e=e, r=r, metric=mean_squared_error, n_burn=n_burn)\n  File \"/Users/petercotton/virtual-envs/timeseries-elo-ratings/lib/python3.7/site-packages/timemachines/skatertools/evaluation/evaluators.py\", line 22, in evaluate_sklearn_metric\n    x, x_std = prior(f=f, y=y, k=k, a=a, t=t, r=r, e=e )\n  File \"/Users/petercotton/virtual-envs/timeseries-elo-ratings/lib/python3.7/site-packages/timemachines/skating.py\", line 53, in prior\n    x_post, x_std = posterior(f=f, y=y, k=k, a=a, t=t, e=e, r=r)\n  File \"/Users/petercotton/virtual-envs/timeseries-elo-ratings/lib/python3.7/site-packages/timemachines/skating.py\", line 39, in posterior\n    xi, x_stdi, s = f(y=yi, s=s, k=k, a=ai, t=ti, e=e) # <-- Must provide k-vectors (mean, std devo)\n  File \"/Users/petercotton/virtual-envs/timeseries-elo-ratings/lib/python3.7/site-packages/timemachines/skaters/simple/linear.py\", line 23, in regress_change_on_first_known\n    dy_hat, dy_hat_std = regress_level_on_first_known(y=[dy0], s=s['d'], k=k, a=a, t=t, e=e)\nValueError: too many values to unpack (expected 2)\n", "passing", "passing", "passing", "passing", "passing", "passing", "passing", "passing", "passing", "passing", "passing", "passing", "passing", "not yet run", "not yet run", "passing", "passing", "passing", "passing", "passing", "passing", "passing", "passing", "passing", "passing", "passing", "passing", "passing", "passing", "passing", "passing", "passing", "passing", "not yet run", "not yet run", "not yet run", "passing", "passing", "passing", "passing", "passing", "passing", "passing", "passing", "passing", "passing"], "active": [true, true, true, true, true, true, true, true, false, false, false, false, false, true, false, false, false, true, false, false, false, false, false, false, true, true, true, true, false, false, true, true, true, true, true, true, true, true, true, true, true, true, false, false, false, false, false, false, false, false, false, false, false, false, false], "evaluator": "evaluate_mean_squared_error"}