{"name": ["empirical_last_value", "sluggish_moving_average", "slowly_moving_average", "quickly_moving_average", "rapidly_moving_average", "balanced_ema_ensemble", "aggressive_ema_ensemble", "precision_ema_ensemble", "regress_change_on_first_known", "fbprophet_exogenous", "fbprophet_known", "fbprophet_univariate", "fbprophet_recursive", "fbprophet_cautious", "fbprophet_exogenous_hypocratic", "fbprophet_univariate_hypocratic", "fbprophet_cautious_hypocratic", "fbprophet_exogenous_exogenous", "fbprophet_univariate_univariate_hypocratic", "divine_univariate", "divine_univariate_hypocratic_slow", "divine_univariate_hypocratic_fast", "dlm_univariate_a", "dlm_univariate_b", "thinking_fast_and_fast", "thinking_fast_and_slow", "thinking_slow_and_slow", "thinking_slow_and_fast", "pmd_univariate", "pmd_exogenous_hypocratic", "quick_balanced_ema_ensemble", "slow_balanced_ema_ensemble", "quick_aggressive_ema_ensemble", "slow_aggressive_ema_ensemble", "quick_precision_ema_ensemble", "slow_precision_ema_ensemble", "tsa_p1_d0_q0", "tsa_p2_d0_q0", "tsa_p3_d0_q0", "tsa_p1_d0_q1", "tsa_p2_d0_q1", "tsa_p3_d0_q1", "tsa_p1_d1_q0", "tsa_p2_d1_q0", "tsa_p3_d1_q0", "nprophet_p1", "nprophet_p2", "nprophet_p3", "nprophet_p5", "nprophet_p8", "nprophet_p1_hypocratic", "nprophet_p2_hypocratic", "nprophet_p3_hypocratic", "nprophet_p5_hypocratic", "nprophet_p8_hypocratic"], "count": [42, 51, 54, 61, 43, 53, 48, 55, 0, 34, 30, 31, 31, 35, 31, 27, 33, 28, 30, 25, 21, 32, 0, 0, 63, 53, 52, 45, 34, 30, 43, 40, 50, 59, 46, 44, 47, 46, 58, 57, 50, 46, 0, 0, 0, 22, 30, 33, 29, 22, 29, 13, 28, 24, 22], "rating": [1131.4991996936137, 1775.6691438619062, 1756.170256097948, 1856.01743598827, 1395.28113974052, 1799.5290497444403, 1756.5917144886068, 1923.3946399075621, 1600, 1590.3010247311802, 1579.7136768745356, 1411.0832051810542, 1543.8720614505157, 1495.6844820098524, 1704.254483783164, 1546.3381002463184, 1574.586096014754, 1101.4188870882906, 1189.8848415749073, 1661.550170753146, 1643.4444531892377, 1747.1574058963474, 1600, 1600, 1515.6411048154523, 1823.756736192801, 1818.4938260801412, 1804.9170060787383, 1652.6301401294295, 1636.3927033889586, 1716.6297655892854, 1725.7625751527157, 1702.9498381929309, 1774.7097107863522, 1601.3796091795018, 1835.065396866361, 1870.4613269556894, 1699.796953483088, 1897.1344525851575, 1904.5373496900138, 1845.6047571453187, 1937.329226126548, 1600, 1600, 1600, 1358.0875753501557, 1445.7151052938304, 1371.8132171000332, 1433.0412780358445, 1237.1889190920488, 1317.4289357711589, 1283.3217607084366, 1240.0907937840047, 1386.3630450261896, 1380.3154230836442], "traceback": ["passing", "passing", "passing", "passing", "passing", "passing", "passing", "passing", "Traceback (most recent call last):\n  File \"/Users/petercotton/virtual-envs/timeseries-elo-ratings/lib/python3.7/site-packages/timemachines/skatertools/comparison/skaterelo.py\", line 90, in skater_elo_update\n    score = evaluator(f=f, y=y, k=k, a=None, t=t, e=None, n_burn=n_burn)\n  File \"/Users/petercotton/virtual-envs/timeseries-elo-ratings/lib/python3.7/site-packages/timemachines/skatertools/evaluation/evaluators.py\", line 30, in evaluate_mean_squared_error\n    return evaluate_sklearn_metric(f=f, y=y, k=k, a=a, t=t, e=e, r=r, metric=mean_squared_error, n_burn=n_burn)\n  File \"/Users/petercotton/virtual-envs/timeseries-elo-ratings/lib/python3.7/site-packages/timemachines/skatertools/evaluation/evaluators.py\", line 22, in evaluate_sklearn_metric\n    x, x_std = prior(f=f, y=y, k=k, a=a, t=t, r=r, e=e )\n  File \"/Users/petercotton/virtual-envs/timeseries-elo-ratings/lib/python3.7/site-packages/timemachines/skating.py\", line 53, in prior\n    x_post, x_std = posterior(f=f, y=y, k=k, a=a, t=t, e=e, r=r)\n  File \"/Users/petercotton/virtual-envs/timeseries-elo-ratings/lib/python3.7/site-packages/timemachines/skating.py\", line 39, in posterior\n    xi, x_stdi, s = f(y=yi, s=s, k=k, a=ai, t=ti, e=e) # <-- Must provide k-vectors (mean, std devo)\n  File \"/Users/petercotton/virtual-envs/timeseries-elo-ratings/lib/python3.7/site-packages/timemachines/skaters/simple/linear.py\", line 23, in regress_change_on_first_known\n    dy_hat, dy_hat_std = regress_level_on_first_known(y=[dy0], s=s['d'], k=k, a=a, t=t, e=e)\nValueError: too many values to unpack (expected 2)\n", "passing", "passing", "passing", "passing", "passing", "passing", "passing", "passing", "passing", "passing", "passing", "passing", "passing", "not yet run", "not yet run", "passing", "passing", "passing", "passing", "passing", "passing", "passing", "passing", "passing", "passing", "passing", "passing", "passing", "passing", "passing", "passing", "passing", "passing", "not yet run", "not yet run", "not yet run", "passing", "passing", "passing", "passing", "passing", "passing", "passing", "passing", "passing", "passing"], "active": [true, true, true, true, true, true, true, true, false, false, true, false, false, false, false, false, false, false, false, false, false, false, false, false, true, true, true, true, false, false, true, true, true, true, true, true, true, true, true, true, true, true, false, false, false, false, false, false, false, false, false, true, false, false, false], "evaluator": "evaluate_mean_squared_error"}