{"name": ["empirical_last_value", "sluggish_moving_average", "slowly_moving_average", "quickly_moving_average", "rapidly_moving_average", "balanced_ema_ensemble", "aggressive_ema_ensemble", "precision_ema_ensemble", "regress_change_on_first_known", "fbprophet_exogenous", "fbprophet_known", "fbprophet_univariate", "fbprophet_recursive", "fbprophet_cautious", "fbprophet_exogenous_hypocratic", "fbprophet_univariate_hypocratic", "fbprophet_cautious_hypocratic", "fbprophet_exogenous_exogenous", "fbprophet_univariate_univariate_hypocratic", "divine_univariate", "divine_univariate_hypocratic_slow", "divine_univariate_hypocratic_fast", "dlm_univariate_a", "dlm_univariate_b", "thinking_fast_and_fast", "thinking_fast_and_slow", "thinking_slow_and_slow", "thinking_slow_and_fast", "pmd_univariate", "pmd_exogenous_hypocratic", "quick_balanced_ema_ensemble", "slow_balanced_ema_ensemble", "quick_aggressive_ema_ensemble", "slow_aggressive_ema_ensemble", "quick_precision_ema_ensemble", "slow_precision_ema_ensemble", "tsa_p1_d0_q0", "tsa_p2_d0_q0", "tsa_p3_d0_q0", "tsa_p1_d0_q1", "tsa_p2_d0_q1", "tsa_p3_d0_q1", "tsa_p1_d1_q0", "tsa_p2_d1_q0", "tsa_p3_d1_q0", "nprophet_p1", "nprophet_p2", "nprophet_p3", "nprophet_p5", "nprophet_p8", "nprophet_p1_hypocratic", "nprophet_p2_hypocratic", "nprophet_p3_hypocratic", "nprophet_p5_hypocratic", "nprophet_p8_hypocratic"], "count": [15, 14, 13, 20, 9, 18, 14, 14, 0, 8, 9, 6, 10, 9, 9, 5, 7, 10, 5, 9, 3, 6, 0, 0, 16, 11, 14, 9, 7, 3, 10, 13, 10, 14, 17, 12, 14, 6, 11, 10, 12, 11, 0, 0, 0, 2, 8, 7, 6, 8, 4, 7, 7, 5, 7], "rating": [1443.3201510211484, 1543.443244437539, 1365.9489131918763, 1612.5983504000465, 1574.8082772943403, 1673.4969062277064, 1584.5820801557636, 1704.7363705000216, 1600, 1741.4454360106529, 1528.595833271549, 1596.2363723374974, 1573.6686681377, 1561.7485091967117, 1540.5014789546226, 1504.914216060778, 1554.2711835969214, 1598.7818392881509, 1653.2253848805815, 1635.1913600657617, 1626.784233701317, 1649.5998211698775, 1600, 1600, 1498.9170466780597, 1589.210389186632, 1477.9933636235303, 1611.7106517530199, 1616.231685317562, 1599.3581881112834, 1679.0315300935176, 1593.1886817095458, 1711.4506939710654, 1582.6701210464191, 1720.7825561782267, 1634.7189821804789, 1657.4449264759808, 1734.183971481037, 1738.1761311453456, 1604.2468495655262, 1749.836729593017, 1712.7732851651651, 1600, 1600, 1600, 1540.0077588005727, 1631.7816469967531, 1683.8126107801183, 1592.8202997463982, 1595.2765676932497, 1545.9817504351493, 1518.3300136414846, 1551.47176865896, 1454.6372975231445, 1506.055872548193], "traceback": ["passing", "passing", "passing", "passing", "passing", "passing", "passing", "passing", "Traceback (most recent call last):\n  File \"/Users/petercotton/virtual-envs/timeseries-elo-ratings/lib/python3.7/site-packages/timemachines/skatertools/comparison/skaterelo.py\", line 90, in skater_elo_update\n    score = evaluator(f=f, y=y, k=k, a=None, t=t, e=None, n_burn=n_burn)\n  File \"/Users/petercotton/virtual-envs/timeseries-elo-ratings/lib/python3.7/site-packages/timemachines/skatertools/evaluation/evaluators.py\", line 30, in evaluate_mean_squared_error\n    return evaluate_sklearn_metric(f=f, y=y, k=k, a=a, t=t, e=e, r=r, metric=mean_squared_error, n_burn=n_burn)\n  File \"/Users/petercotton/virtual-envs/timeseries-elo-ratings/lib/python3.7/site-packages/timemachines/skatertools/evaluation/evaluators.py\", line 22, in evaluate_sklearn_metric\n    x, x_std = prior(f=f, y=y, k=k, a=a, t=t, r=r, e=e )\n  File \"/Users/petercotton/virtual-envs/timeseries-elo-ratings/lib/python3.7/site-packages/timemachines/skating.py\", line 53, in prior\n    x_post, x_std = posterior(f=f, y=y, k=k, a=a, t=t, e=e, r=r)\n  File \"/Users/petercotton/virtual-envs/timeseries-elo-ratings/lib/python3.7/site-packages/timemachines/skating.py\", line 39, in posterior\n    xi, x_stdi, s = f(y=yi, s=s, k=k, a=ai, t=ti, e=e) # <-- Must provide k-vectors (mean, std devo)\n  File \"/Users/petercotton/virtual-envs/timeseries-elo-ratings/lib/python3.7/site-packages/timemachines/skaters/simple/linear.py\", line 23, in regress_change_on_first_known\n    dy_hat, dy_hat_std = regress_level_on_first_known(y=[dy0], s=s['d'], k=k, a=a, t=t, e=e)\nValueError: too many values to unpack (expected 2)\n", "passing", "passing", "passing", "passing", "passing", "passing", "passing", "passing", "passing", "passing", "passing", "passing", "passing", "not yet run", "not yet run", "passing", "passing", "passing", "passing", "passing", "passing", "passing", "passing", "passing", "passing", "passing", "passing", "passing", "passing", "passing", "passing", "passing", "passing", "not yet run", "not yet run", "not yet run", "passing", "passing", "passing", "passing", "passing", "passing", "passing", "passing", "passing", "passing"], "active": [true, true, true, true, true, true, true, true, false, true, true, true, true, true, true, true, true, true, true, true, true, true, false, false, true, true, true, true, true, true, true, true, true, true, true, true, true, true, true, true, true, true, false, false, false, true, true, true, true, true, true, true, true, true, true], "evaluator": "evaluate_mean_squared_error"}