{"name": ["empirical_last_value", "slowly_moving_average", "quickly_moving_average", "regress_change_on_first_known", "fbprophet_exogenous", "fbprophet_known", "fbprophet_univariate", "fbprophet_recursive", "fbprophet_cautious", "fbprophet_chaser", "divine_univariate", "dlm_univariate_a", "dlm_univariate_b", "fbprophet_exogenous_hypocratic", "fbprophet_univariate_hypocratic", "fbprophet_cautious_hypocratic", "fbprophet_exogenous_exogenous", "fbprophet_univariate_univariate_hypocratic", "thinking_fast_and_fast", "thinking_fast_and_slow", "thinking_slow_and_slow", "thinking_slow_and_fast", "divine_univariate_hypocratic_slow", "divine_univariate_hypocratic_fast", "pmd_univariate", "pmd_exogenous_hypocratic", "sluggish_moving_average", "rapidly_moving_average", "balanced_ema_ensemble", "aggressive_ema_ensemble", "precision_ema_ensemble", "nprophet_p1", "nprophet_p2", "nprophet_p3", "nprophet_p5", "nprophet_p8", "quick_balanced_ema_ensemble", "slow_balanced_ema_ensemble", "quick_aggressive_ema_ensemble", "slow_aggressive_ema_ensemble", "quick_precision_ema_ensemble", "slow_precision_ema_ensemble", "tsa_p1_d0_q0", "tsa_p2_d0_q0", "tsa_p3_d0_q0", "tsa_p1_d0_q1", "tsa_p2_d0_q1", "tsa_p3_d0_q1", "tsa_p1_d1_q0", "tsa_p2_d1_q0", "tsa_p3_d1_q0", "nprophet_p1_hypocratic", "nprophet_p2_hypocratic", "nprophet_p3_hypocratic", "nprophet_p5_hypocratic", "nprophet_p8_hypocratic"], "count": [182, 171, 167, 0, 155, 155, 123, 151, 133, 0, 146, 69, 49, 85, 89, 61, 82, 87, 109, 127, 137, 138, 81, 85, 104, 86, 122, 117, 123, 108, 98, 18, 17, 19, 23, 36, 68, 64, 70, 64, 68, 64, 58, 58, 67, 57, 54, 64, 0, 0, 0, 18, 28, 26, 28, 25], "rating": [1038.3209339779312, 1965.5873875795612, 1634.0799581807585, 1600, 1319.6006225430951, 1348.477747037369, 1422.3738232459616, 1403.5435771079751, 1708.2979914174675, 1600, 1711.8536417308953, 1800.7421480208761, 1319.1417043781435, 1589.3773742648223, 1565.5290473123482, 1568.181341641439, 1058.4271251130485, 1032.0563423358517, 1641.2723873083214, 1728.4268279764115, 1850.6067089541064, 1941.211174091542, 1760.1125844244757, 1738.2773471619173, 1631.4836274884572, 1543.2192408862477, 1557.8689466311364, 1487.359254392404, 1736.0151985993125, 1770.6097692853677, 1689.8150417643403, 1392.1980177894047, 1461.627682381707, 1549.2567464478373, 1441.63005389854, 1293.1163719569022, 1668.7156698039446, 1913.1881167383867, 1736.1901098442636, 1777.244489147044, 1709.73779052786, 1790.9389309783594, 1765.7838774795505, 1700.6827297904351, 1793.207474002039, 1799.7489164037613, 1893.8449560866177, 1953.994654059016, 1600, 1600, 1600, 1545.8612696427872, 1422.3796425451092, 1491.4363761466811, 1362.6675045971658, 1355.4945162640984], "traceback": ["passing", "passing", "passing", "Traceback (most recent call last):\n  File \"/Users/petercotton/virtual-envs/timeseries-elo-ratings/lib/python3.7/site-packages/timemachines/skatertools/comparison/skaterelo.py\", line 90, in skater_elo_update\n    score = evaluator(f=f, y=y, k=k, a=None, t=t, e=None, n_burn=n_burn)\n  File \"/Users/petercotton/virtual-envs/timeseries-elo-ratings/lib/python3.7/site-packages/timemachines/skatertools/evaluation/evaluators.py\", line 30, in evaluate_mean_squared_error\n    return evaluate_sklearn_metric(f=f, y=y, k=k, a=a, t=t, e=e, r=r, metric=mean_squared_error, n_burn=n_burn)\n  File \"/Users/petercotton/virtual-envs/timeseries-elo-ratings/lib/python3.7/site-packages/timemachines/skatertools/evaluation/evaluators.py\", line 22, in evaluate_sklearn_metric\n    x, x_std = prior(f=f, y=y, k=k, a=a, t=t, r=r, e=e )\n  File \"/Users/petercotton/virtual-envs/timeseries-elo-ratings/lib/python3.7/site-packages/timemachines/skating.py\", line 53, in prior\n    x_post, x_std = posterior(f=f, y=y, k=k, a=a, t=t, e=e, r=r)\n  File \"/Users/petercotton/virtual-envs/timeseries-elo-ratings/lib/python3.7/site-packages/timemachines/skating.py\", line 39, in posterior\n    xi, x_stdi, s = f(y=yi, s=s, k=k, a=ai, t=ti, e=e) # <-- Must provide k-vectors (mean, std devo)\n  File \"/Users/petercotton/virtual-envs/timeseries-elo-ratings/lib/python3.7/site-packages/timemachines/skaters/simple/linear.py\", line 23, in regress_change_on_first_known\n    dy_hat, dy_hat_std = regress_level_on_first_known(y=[dy0], s=s['d'], k=k, a=a, t=t, e=e)\nValueError: too many values to unpack (expected 2)\n", "passing", "passing", "passing", "passing", "passing", "Traceback (most recent call last):\n  File \"/opt/hostedtoolcache/Python/3.8.7/x64/lib/python3.8/site-packages/timemachines/skaters/eloratings.py\", line 72, in skater_elo_update\n    score = evaluator(f=f, y=y, k=k, a=None, t=t, e=None, n_burn=n_burn)\n  File \"/opt/hostedtoolcache/Python/3.8.7/x64/lib/python3.8/site-packages/timemachines/skaters/evaluation.py\", line 30, in evaluate_mean_squared_error\n    return evaluate_sklearn_metric(f=f, y=y, k=k, a=a, t=t, e=e, r=r, metric=mean_squared_error, n_burn=n_burn)\n  File \"/opt/hostedtoolcache/Python/3.8.7/x64/lib/python3.8/site-packages/timemachines/skaters/evaluation.py\", line 22, in evaluate_sklearn_metric\n    x, x_std = prior(f=f, y=y, k=k, a=a, t=t, r=r, e=e )\n  File \"/opt/hostedtoolcache/Python/3.8.7/x64/lib/python3.8/site-packages/timemachines/skaters/skating.py\", line 43, in prior\n    x_post, x_std = posterior(f=f, y=y, k=k, a=a, t=t, e=e, r=r)\n  File \"/opt/hostedtoolcache/Python/3.8.7/x64/lib/python3.8/site-packages/timemachines/skaters/skating.py\", line 29, in posterior\n    xi, x_stdi, s = f(y=yi, s=s, k=k, a=ai, t=ti, e=e)\n  File \"/opt/hostedtoolcache/Python/3.8.7/x64/lib/python3.8/site-packages/timemachines/skaters/proph/prophskaters.py\", line 38, in fbprophet_chaser\n    from timemachines.skaters.composition.correcting import residual_chaser_factory\nModuleNotFoundError: No module named 'timemachines.skaters.composition'\n", "passing", "passing", "passing", "passing", "passing", "passing", "passing", "passing", "passing", "passing", "passing", "passing", "passing", "passing", "passing", "passing", "passing", "passing", "passing", "passing", "passing", "passing", "passing", "passing", "passing", "passing", "passing", "passing", "passing", "passing", "passing", "passing", "passing", "passing", "passing", "passing", "passing", "passing", "not yet run", "not yet run", "not yet run", "passing", "passing", "passing", "passing", "passing"], "active": [true, true, true, false, false, false, false, false, false, false, false, false, false, false, false, false, false, false, true, true, true, true, false, false, false, false, true, true, true, true, true, true, false, false, true, false, true, true, true, true, true, true, true, true, true, true, true, true, false, false, false, false, false, false, false, false], "evaluator": "evaluate_mean_squared_error"}