{"name": ["empirical_last_value", "slowly_moving_average", "quickly_moving_average", "regress_change_on_first_known", "fbprophet_exogenous", "fbprophet_known", "fbprophet_univariate", "fbprophet_recursive", "fbprophet_cautious", "fbprophet_chaser", "divine_univariate", "dlm_univariate_a", "dlm_univariate_b", "fbprophet_exogenous_hypocratic", "fbprophet_univariate_hypocratic", "fbprophet_cautious_hypocratic", "fbprophet_exogenous_exogenous", "fbprophet_univariate_univariate_hypocratic", "thinking_fast_and_fast", "thinking_fast_and_slow", "thinking_slow_and_slow", "thinking_slow_and_fast", "divine_univariate_hypocratic_slow", "divine_univariate_hypocratic_fast", "pmd_univariate", "pmd_exogenous_hypocratic", "sluggish_moving_average", "rapidly_moving_average", "balanced_ema_ensemble", "aggressive_ema_ensemble", "precision_ema_ensemble", "tsa_constant_skater_p3_d0_q3", "tsa_constant_skater_p3_d1_q3", "tsa_constant_skater_p3_d0_q0", "tsa_constant_skater_p3_d1_q0", "tsa_constant_skater_p1_d0_q0", "tsa_constant_skater_p2_d0_q0", "tsa_constant_skater_p1_d0_q0", "tsa_constant_skater_p2_d0_q0", "tsa_constant_skater_p1_d1_q0", "tsa_constant_skater_p2_d1_q0", "tsa_constant_skater_p1_d1_q0", "tsa_constant_skater_p2_d1_q0"], "count": [110, 105, 114, 0, 127, 127, 98, 121, 101, 0, 111, 69, 49, 54, 48, 38, 54, 61, 47, 70, 67, 69, 52, 53, 60, 53, 59, 56, 44, 43, 48, 5, 13, 5, 7, 0, 0, 0, 0, 0, 0, 0, 0], "rating": [1293.5193932429677, 1996.419977042248, 1717.4035622278466, 1600, 1482.9945401681664, 1337.432890163732, 1383.6414271211413, 1390.5078955955078, 1698.9326676064345, 1600, 1682.9264177326686, 1800.7421480208761, 1319.1417043781435, 1495.0760741694892, 1509.7970443977642, 1569.9868763956517, 1130.1749480269493, 1199.9841565291647, 1752.6990228113946, 1733.7021179342164, 1849.17868512166, 1910.5814984706733, 1615.9306649852902, 1678.6394093812878, 1396.957248023188, 1629.7088960180374, 1681.3061383017737, 1587.5421833631938, 1726.4468002307021, 1837.0554503540825, 1772.3849335688444, 1618.501508950958, 1800.699101820342, 1684.9878536271556, 1514.9967642184474, 1600, 1600, 1600, 1600, 1600, 1600, 1600, 1600], "traceback": ["passing", "passing", "passing", "Traceback (most recent call last):\n  File \"/opt/hostedtoolcache/Python/3.8.8/x64/lib/python3.8/site-packages/timemachines/skatertools/comparison/skaterelo.py\", line 83, in skater_elo_update\n    score = evaluator(f=f, y=y, k=k, a=None, t=t, e=None, n_burn=n_burn)\n  File \"/opt/hostedtoolcache/Python/3.8.8/x64/lib/python3.8/site-packages/timemachines/skatertools/evaluation/evaluators.py\", line 30, in evaluate_mean_squared_error\n    return evaluate_sklearn_metric(f=f, y=y, k=k, a=a, t=t, e=e, r=r, metric=mean_squared_error, n_burn=n_burn)\n  File \"/opt/hostedtoolcache/Python/3.8.8/x64/lib/python3.8/site-packages/timemachines/skatertools/evaluation/evaluators.py\", line 22, in evaluate_sklearn_metric\n    x, x_std = prior(f=f, y=y, k=k, a=a, t=t, r=r, e=e )\n  File \"/opt/hostedtoolcache/Python/3.8.8/x64/lib/python3.8/site-packages/timemachines/skating.py\", line 53, in prior\n    x_post, x_std = posterior(f=f, y=y, k=k, a=a, t=t, e=e, r=r)\n  File \"/opt/hostedtoolcache/Python/3.8.8/x64/lib/python3.8/site-packages/timemachines/skating.py\", line 39, in posterior\n    xi, x_stdi, s = f(y=yi, s=s, k=k, a=ai, t=ti, e=e) # <-- Must provide k-vectors (mean, std devo)\n  File \"/opt/hostedtoolcache/Python/3.8.8/x64/lib/python3.8/site-packages/timemachines/skaters/simple/linear.py\", line 23, in regress_change_on_first_known\n    dy_hat, dy_hat_std = regress_level_on_first_known(y=[dy0], s=s['d'], k=k, a=a, t=t, e=e)\nValueError: too many values to unpack (expected 2)\n", "passing", "passing", "passing", "passing", "passing", "Traceback (most recent call last):\n  File \"/opt/hostedtoolcache/Python/3.8.7/x64/lib/python3.8/site-packages/timemachines/skaters/eloratings.py\", line 72, in skater_elo_update\n    score = evaluator(f=f, y=y, k=k, a=None, t=t, e=None, n_burn=n_burn)\n  File \"/opt/hostedtoolcache/Python/3.8.7/x64/lib/python3.8/site-packages/timemachines/skaters/evaluation.py\", line 30, in evaluate_mean_squared_error\n    return evaluate_sklearn_metric(f=f, y=y, k=k, a=a, t=t, e=e, r=r, metric=mean_squared_error, n_burn=n_burn)\n  File \"/opt/hostedtoolcache/Python/3.8.7/x64/lib/python3.8/site-packages/timemachines/skaters/evaluation.py\", line 22, in evaluate_sklearn_metric\n    x, x_std = prior(f=f, y=y, k=k, a=a, t=t, r=r, e=e )\n  File \"/opt/hostedtoolcache/Python/3.8.7/x64/lib/python3.8/site-packages/timemachines/skaters/skating.py\", line 43, in prior\n    x_post, x_std = posterior(f=f, y=y, k=k, a=a, t=t, e=e, r=r)\n  File \"/opt/hostedtoolcache/Python/3.8.7/x64/lib/python3.8/site-packages/timemachines/skaters/skating.py\", line 29, in posterior\n    xi, x_stdi, s = f(y=yi, s=s, k=k, a=ai, t=ti, e=e)\n  File \"/opt/hostedtoolcache/Python/3.8.7/x64/lib/python3.8/site-packages/timemachines/skaters/proph/prophskaters.py\", line 38, in fbprophet_chaser\n    from timemachines.skaters.composition.correcting import residual_chaser_factory\nModuleNotFoundError: No module named 'timemachines.skaters.composition'\n", "passing", "passing", "passing", "passing", "passing", "passing", "passing", "passing", "passing", "passing", "passing", "passing", "passing", "passing", "passing", "passing", "passing", "passing", "passing", "passing", "passing", "passing", "passing", "passing", "passing", "not yet run", "not yet run", "not yet run", "not yet run", "not yet run", "not yet run", "not yet run", "not yet run"], "active": [true, true, true, true, true, true, true, true, true, false, true, false, false, true, true, true, true, true, true, true, true, true, true, true, true, true, true, true, true, true, true, false, false, false, false, false, false, false, false, false, false, false, false], "evaluator": "evaluate_mean_squared_error"}