{"name": ["empirical_last_value", "slowly_moving_average", "quickly_moving_average", "regress_change_on_first_known", "fbprophet_exogenous", "fbprophet_known", "fbprophet_univariate", "fbprophet_recursive", "fbprophet_cautious", "fbprophet_chaser", "divine_univariate", "dlm_univariate_a", "dlm_univariate_b", "fbprophet_exogenous_hypocratic", "fbprophet_univariate_hypocratic", "fbprophet_cautious_hypocratic", "fbprophet_exogenous_exogenous", "fbprophet_univariate_univariate_hypocratic", "thinking_fast_and_fast", "thinking_fast_and_slow", "thinking_slow_and_slow", "thinking_slow_and_fast", "divine_univariate_hypocratic_slow", "divine_univariate_hypocratic_fast", "pmd_univariate", "pmd_exogenous_hypocratic", "sluggish_moving_average", "rapidly_moving_average", "balanced_ema_ensemble", "aggressive_ema_ensemble", "precision_ema_ensemble", "nprophet_p1", "nprophet_p2", "nprophet_p3", "nprophet_p5", "nprophet_p8", "quick_balanced_ema_ensemble", "slow_balanced_ema_ensemble", "quick_aggressive_ema_ensemble", "slow_aggressive_ema_ensemble", "quick_precision_ema_ensemble", "slow_precision_ema_ensemble", "tsa_p1_d0_q0", "tsa_p2_d0_q0", "tsa_p3_d0_q0", "tsa_p1_d0_q1", "tsa_p2_d0_q1", "tsa_p3_d0_q1", "tsa_p1_d1_q0", "tsa_p2_d1_q0", "tsa_p3_d1_q0", "nprophet_p1_hypocratic", "nprophet_p2_hypocratic", "nprophet_p3_hypocratic", "nprophet_p5_hypocratic", "nprophet_p8_hypocratic"], "count": [147, 164, 131, 0, 121, 121, 139, 137, 125, 0, 111, 54, 56, 65, 77, 49, 64, 82, 88, 81, 78, 70, 67, 53, 63, 68, 77, 71, 74, 70, 79, 6, 12, 6, 8, 8, 16, 16, 20, 16, 14, 14, 12, 11, 19, 13, 12, 12, 0, 0, 0, 7, 9, 5, 3, 10], "rating": [1370.216007328375, 1775.788893632915, 1533.1774806749318, 1600, 1387.259315501962, 1365.3727219987754, 1421.198949841314, 1458.6252115045604, 1578.6900281627022, 1600, 1532.0798726601336, 1592.6674084740066, 1407.5499441450136, 1509.487674512176, 1687.151981050642, 1739.9018723183444, 1199.0546978669327, 1423.0232975041263, 1774.7516363688558, 1817.1635440355951, 1719.9813162233627, 1765.0653724258993, 1336.6813239304086, 1406.345747266154, 1564.9648231512151, 1597.671028328581, 1357.9555152035382, 1671.2961113373522, 1854.8902743903495, 1831.5765902975668, 1716.68286126854, 1651.6734804727153, 1569.608111136402, 1529.1161266571187, 1513.909929265569, 1524.207308162733, 1617.9037981315232, 1671.462890733969, 1657.5196902353039, 1598.7065402787355, 1553.0832773250263, 1619.170079648523, 1895.3553757549616, 1559.5275599055258, 1714.5327082953818, 1749.4861948575688, 1782.9984464351144, 1694.4959272480437, 1600, 1600, 1600, 1741.5595943324902, 1645.3072652863839, 1546.5141476196513, 1608.6163734436293, 1491.0766860583808], "traceback": ["passing", "passing", "passing", "Traceback (most recent call last):\n  File \"/Users/petercotton/virtual-envs/timeseries-elo-ratings/lib/python3.7/site-packages/timemachines/skatertools/comparison/skaterelo.py\", line 90, in skater_elo_update\n    score = evaluator(f=f, y=y, k=k, a=None, t=t, e=None, n_burn=n_burn)\n  File \"/Users/petercotton/virtual-envs/timeseries-elo-ratings/lib/python3.7/site-packages/timemachines/skatertools/evaluation/evaluators.py\", line 30, in evaluate_mean_squared_error\n    return evaluate_sklearn_metric(f=f, y=y, k=k, a=a, t=t, e=e, r=r, metric=mean_squared_error, n_burn=n_burn)\n  File \"/Users/petercotton/virtual-envs/timeseries-elo-ratings/lib/python3.7/site-packages/timemachines/skatertools/evaluation/evaluators.py\", line 22, in evaluate_sklearn_metric\n    x, x_std = prior(f=f, y=y, k=k, a=a, t=t, r=r, e=e )\n  File \"/Users/petercotton/virtual-envs/timeseries-elo-ratings/lib/python3.7/site-packages/timemachines/skating.py\", line 53, in prior\n    x_post, x_std = posterior(f=f, y=y, k=k, a=a, t=t, e=e, r=r)\n  File \"/Users/petercotton/virtual-envs/timeseries-elo-ratings/lib/python3.7/site-packages/timemachines/skating.py\", line 39, in posterior\n    xi, x_stdi, s = f(y=yi, s=s, k=k, a=ai, t=ti, e=e) # <-- Must provide k-vectors (mean, std devo)\n  File \"/Users/petercotton/virtual-envs/timeseries-elo-ratings/lib/python3.7/site-packages/timemachines/skaters/simple/linear.py\", line 23, in regress_change_on_first_known\n    dy_hat, dy_hat_std = regress_level_on_first_known(y=[dy0], s=s['d'], k=k, a=a, t=t, e=e)\nValueError: too many values to unpack (expected 2)\n", "passing", "passing", "passing", "passing", "passing", "Traceback (most recent call last):\n  File \"/opt/hostedtoolcache/Python/3.8.7/x64/lib/python3.8/site-packages/timemachines/skaters/eloratings.py\", line 72, in skater_elo_update\n    score = evaluator(f=f, y=y, k=k, a=None, t=t, e=None, n_burn=n_burn)\n  File \"/opt/hostedtoolcache/Python/3.8.7/x64/lib/python3.8/site-packages/timemachines/skaters/evaluation.py\", line 30, in evaluate_mean_squared_error\n    return evaluate_sklearn_metric(f=f, y=y, k=k, a=a, t=t, e=e, r=r, metric=mean_squared_error, n_burn=n_burn)\n  File \"/opt/hostedtoolcache/Python/3.8.7/x64/lib/python3.8/site-packages/timemachines/skaters/evaluation.py\", line 22, in evaluate_sklearn_metric\n    x, x_std = prior(f=f, y=y, k=k, a=a, t=t, r=r, e=e )\n  File \"/opt/hostedtoolcache/Python/3.8.7/x64/lib/python3.8/site-packages/timemachines/skaters/skating.py\", line 43, in prior\n    x_post, x_std = posterior(f=f, y=y, k=k, a=a, t=t, e=e, r=r)\n  File \"/opt/hostedtoolcache/Python/3.8.7/x64/lib/python3.8/site-packages/timemachines/skaters/skating.py\", line 29, in posterior\n    xi, x_stdi, s = f(y=yi, s=s, k=k, a=ai, t=ti, e=e)\n  File \"/opt/hostedtoolcache/Python/3.8.7/x64/lib/python3.8/site-packages/timemachines/skaters/proph/prophskaters.py\", line 38, in fbprophet_chaser\n    from timemachines.skaters.composition.correcting import residual_chaser_factory\nModuleNotFoundError: No module named 'timemachines.skaters.composition'\n", "passing", "passing", "passing", "passing", "passing", "passing", "passing", "passing", "passing", "passing", "passing", "passing", "passing", "passing", "passing", "passing", "passing", "passing", "passing", "passing", "passing", "passing", "passing", "passing", "passing", "passing", "passing", "passing", "passing", "passing", "passing", "passing", "passing", "passing", "passing", "passing", "passing", "passing", "not yet run", "not yet run", "not yet run", "passing", "passing", "passing", "passing", "passing"], "active": [true, true, true, false, true, true, true, true, true, false, true, false, false, true, true, true, true, true, true, true, true, true, true, true, true, true, true, true, true, true, true, true, true, true, true, true, true, true, true, true, true, true, true, true, true, true, true, true, false, false, false, true, true, true, true, true], "evaluator": "evaluate_mean_squared_error"}