{"name": ["empirical_last_value", "slowly_moving_average", "quickly_moving_average", "regress_change_on_first_known", "fbprophet_exogenous", "fbprophet_known", "fbprophet_univariate", "fbprophet_recursive", "fbprophet_cautious", "fbprophet_exogenous_hypocratic", "fbprophet_univariate_hypocratic", "fbprophet_cautious_hypocratic", "fbprophet_exogenous_exogenous", "fbprophet_univariate_univariate_hypocratic", "divine_univariate", "dlm_univariate_a", "dlm_univariate_b", "thinking_fast_and_fast", "thinking_fast_and_slow", "thinking_slow_and_slow", "thinking_slow_and_fast", "divine_univariate_hypocratic_slow", "divine_univariate_hypocratic_fast", "pmd_univariate", "pmd_exogenous_hypocratic", "sluggish_moving_average", "rapidly_moving_average", "balanced_ema_ensemble", "aggressive_ema_ensemble", "precision_ema_ensemble", "tsa_constant_skater_p3_d0_q3", "tsa_constant_skater_p3_d1_q3", "tsa_constant_skater_p3_d0_q0", "tsa_constant_skater_p3_d1_q0", "tsa_constant_skater_p1_d0_q0", "tsa_constant_skater_p2_d0_q0", "tsa_constant_skater_p1_d0_q0", "tsa_constant_skater_p2_d0_q0", "tsa_constant_skater_p1_d1_q0", "tsa_constant_skater_p2_d1_q0", "tsa_constant_skater_p1_d1_q0", "tsa_constant_skater_p2_d1_q0"], "count": [66, 72, 69, 0, 67, 70, 74, 63, 67, 71, 83, 46, 65, 68, 60, 20, 15, 91, 54, 64, 61, 36, 45, 47, 45, 36, 51, 0, 0, 0, 10, 4, 1, 3, 0, 0, 0, 0, 0, 0, 0, 0], "rating": [1149.7068648322402, 1926.083594542909, 1788.784272702516, 1600, 1604.314968161612, 1307.841568088126, 1436.1347030348754, 1432.196338365493, 1687.3272504735012, 1484.510707399786, 1349.334922337616, 1447.134806714214, 951.941348209058, 1010.7771350134568, 1790.038062766429, 1719.798007550354, 1529.9465104711574, 1636.2013210985194, 1916.2188954579076, 1966.6325610963552, 1996.509514255882, 1799.9259999202036, 1707.4561859960108, 1620.6907395918563, 1679.13318224741, 1667.6245040193999, 1687.2135030115737, 1600, 1600, 1600, 1748.0727201560458, 1716.7388089196377, 1619.0962836301012, 1622.614719935752, 1600, 1600, 1600, 1600, 1600, 1600, 1600, 1600], "traceback": ["passing", "passing", "passing", "Traceback (most recent call last):\n  File \"/opt/hostedtoolcache/Python/3.8.8/x64/lib/python3.8/site-packages/timemachines/skatertools/comparison/skaterelo.py\", line 83, in skater_elo_update\n    score = evaluator(f=f, y=y, k=k, a=None, t=t, e=None, n_burn=n_burn)\n  File \"/opt/hostedtoolcache/Python/3.8.8/x64/lib/python3.8/site-packages/timemachines/skatertools/evaluation/evaluators.py\", line 30, in evaluate_mean_squared_error\n    return evaluate_sklearn_metric(f=f, y=y, k=k, a=a, t=t, e=e, r=r, metric=mean_squared_error, n_burn=n_burn)\n  File \"/opt/hostedtoolcache/Python/3.8.8/x64/lib/python3.8/site-packages/timemachines/skatertools/evaluation/evaluators.py\", line 22, in evaluate_sklearn_metric\n    x, x_std = prior(f=f, y=y, k=k, a=a, t=t, r=r, e=e )\n  File \"/opt/hostedtoolcache/Python/3.8.8/x64/lib/python3.8/site-packages/timemachines/skating.py\", line 53, in prior\n    x_post, x_std = posterior(f=f, y=y, k=k, a=a, t=t, e=e, r=r)\n  File \"/opt/hostedtoolcache/Python/3.8.8/x64/lib/python3.8/site-packages/timemachines/skating.py\", line 39, in posterior\n    xi, x_stdi, s = f(y=yi, s=s, k=k, a=ai, t=ti, e=e) # <-- Must provide k-vectors (mean, std devo)\n  File \"/opt/hostedtoolcache/Python/3.8.8/x64/lib/python3.8/site-packages/timemachines/skaters/simple/linear.py\", line 23, in regress_change_on_first_known\n    dy_hat, dy_hat_std = regress_level_on_first_known(y=[dy0], s=s['d'], k=k, a=a, t=t, e=e)\nValueError: too many values to unpack (expected 2)\n", "passing", "passing", "passing", "passing", "passing", "passing", "passing", "passing", "passing", "passing", "passing", "passing", "passing", "passing", "passing", "passing", "passing", "passing", "passing", "passing", "passing", "passing", "passing", "Traceback (most recent call last):\n  File \"/opt/hostedtoolcache/Python/3.8.8/x64/lib/python3.8/site-packages/timemachines/skatertools/comparison/skaterelo.py\", line 83, in skater_elo_update\n    score = evaluator(f=f, y=y, k=k, a=None, t=t, e=None, n_burn=n_burn)\n  File \"/opt/hostedtoolcache/Python/3.8.8/x64/lib/python3.8/site-packages/timemachines/skatertools/evaluation/evaluators.py\", line 30, in evaluate_mean_squared_error\n    return evaluate_sklearn_metric(f=f, y=y, k=k, a=a, t=t, e=e, r=r, metric=mean_squared_error, n_burn=n_burn)\n  File \"/opt/hostedtoolcache/Python/3.8.8/x64/lib/python3.8/site-packages/timemachines/skatertools/evaluation/evaluators.py\", line 22, in evaluate_sklearn_metric\n    x, x_std = prior(f=f, y=y, k=k, a=a, t=t, r=r, e=e )\n  File \"/opt/hostedtoolcache/Python/3.8.8/x64/lib/python3.8/site-packages/timemachines/skating.py\", line 53, in prior\n    x_post, x_std = posterior(f=f, y=y, k=k, a=a, t=t, e=e, r=r)\n  File \"/opt/hostedtoolcache/Python/3.8.8/x64/lib/python3.8/site-packages/timemachines/skating.py\", line 39, in posterior\n    xi, x_stdi, s = f(y=yi, s=s, k=k, a=ai, t=ti, e=e) # <-- Must provide k-vectors (mean, std devo)\n  File \"/opt/hostedtoolcache/Python/3.8.8/x64/lib/python3.8/site-packages/timemachines/skaters/simple/movingaverage.py\", line 84, in balanced_ema_ensemble\n    return precision_weighted_ensemble_factory(fs=fs,y=y,s=s,k=k,a=a,t=t,e=e,r=0.25)\n  File \"/opt/hostedtoolcache/Python/3.8.8/x64/lib/python3.8/site-packages/timemachines/skatertools/ensembling/ensemblefactory.py\", line 56, in precision_weighted_ensemble_factory\n    return ensemble_factory(y=y,s=s,k=k,a=a,t=t,e=e,fs=fs,rs=rs,g=g,r=r)\n  File \"/opt/hostedtoolcache/Python/3.8.8/x64/lib/python3.8/site-packages/timemachines/skatertools/ensembling/ensemblefactory.py\", line 43, in ensemble_factory\n    x, x_std, s['s_g'] = g(y=y_extend, s=s['s_g'], k=k, a=a, t=t, e=e)\n  File \"/opt/hostedtoolcache/Python/3.8.8/x64/lib/python3.8/site-packages/timemachines/skatertools/ensembling/precisionweightedskater.py\", line 28, in precision_weighted_skater\n    y_stds = [ tol + y[2*j+2] for j in range(J) ]\n  File \"/opt/hostedtoolcache/Python/3.8.8/x64/lib/python3.8/site-packages/timemachines/skatertools/ensembling/precisionweightedskater.py\", line 28, in <listcomp>\n    y_stds = [ tol + y[2*j+2] for j in range(J) ]\nTypeError: unsupported operand type(s) for +: 'float' and 'NoneType'\n", "Traceback (most recent call last):\n  File \"/opt/hostedtoolcache/Python/3.8.8/x64/lib/python3.8/site-packages/timemachines/skatertools/comparison/skaterelo.py\", line 83, in skater_elo_update\n    score = evaluator(f=f, y=y, k=k, a=None, t=t, e=None, n_burn=n_burn)\n  File \"/opt/hostedtoolcache/Python/3.8.8/x64/lib/python3.8/site-packages/timemachines/skatertools/evaluation/evaluators.py\", line 30, in evaluate_mean_squared_error\n    return evaluate_sklearn_metric(f=f, y=y, k=k, a=a, t=t, e=e, r=r, metric=mean_squared_error, n_burn=n_burn)\n  File \"/opt/hostedtoolcache/Python/3.8.8/x64/lib/python3.8/site-packages/timemachines/skatertools/evaluation/evaluators.py\", line 22, in evaluate_sklearn_metric\n    x, x_std = prior(f=f, y=y, k=k, a=a, t=t, r=r, e=e )\n  File \"/opt/hostedtoolcache/Python/3.8.8/x64/lib/python3.8/site-packages/timemachines/skating.py\", line 53, in prior\n    x_post, x_std = posterior(f=f, y=y, k=k, a=a, t=t, e=e, r=r)\n  File \"/opt/hostedtoolcache/Python/3.8.8/x64/lib/python3.8/site-packages/timemachines/skating.py\", line 39, in posterior\n    xi, x_stdi, s = f(y=yi, s=s, k=k, a=ai, t=ti, e=e) # <-- Must provide k-vectors (mean, std devo)\n  File \"/opt/hostedtoolcache/Python/3.8.8/x64/lib/python3.8/site-packages/timemachines/skaters/simple/movingaverage.py\", line 92, in aggressive_ema_ensemble\n    return precision_weighted_ensemble_factory(fs=fs,y=y,s=s,k=k,a=a,t=t,e=e,r=0.9)\n  File \"/opt/hostedtoolcache/Python/3.8.8/x64/lib/python3.8/site-packages/timemachines/skatertools/ensembling/ensemblefactory.py\", line 56, in precision_weighted_ensemble_factory\n    return ensemble_factory(y=y,s=s,k=k,a=a,t=t,e=e,fs=fs,rs=rs,g=g,r=r)\n  File 