{"name": ["empirical_last_value", "slowly_moving_average", "quickly_moving_average", "regress_change_on_first_known", "fbprophet_exogenous", "fbprophet_known", "fbprophet_univariate", "fbprophet_recursive", "fbprophet_cautious", "fbprophet_exogenous_hypocratic", "fbprophet_univariate_hypocratic", "fbprophet_cautious_hypocratic", "fbprophet_exogenous_exogenous", "fbprophet_univariate_univariate_hypocratic", "divine_univariate", "dlm_univariate_a", "dlm_univariate_b", "thinking_fast_and_fast", "thinking_fast_and_slow", "thinking_slow_and_slow", "thinking_slow_and_fast", "divine_univariate_hypocratic_slow", "divine_univariate_hypocratic_fast", "pmd_univariate", "pmd_exogenous_hypocratic", "sluggish_moving_average", "rapidly_moving_average", "balanced_ema_ensemble", "aggressive_ema_ensemble", "precision_ema_ensemble", "nprophet_p1", "nprophet_p2", "nprophet_p3", "nprophet_p5", "nprophet_p8", "quick_balanced_ema_ensemble", "slow_balanced_ema_ensemble", "quick_aggressive_ema_ensemble", "slow_aggressive_ema_ensemble", "quick_precision_ema_ensemble", "slow_precision_ema_ensemble", "tsa_p1_d0_q0", "tsa_p2_d0_q0", "tsa_p3_d0_q0", "tsa_p1_d0_q1", "tsa_p2_d0_q1", "tsa_p3_d0_q1", "tsa_p1_d1_q0", "tsa_p2_d1_q0", "tsa_p3_d1_q0", "nprophet_p1_hypocratic", "nprophet_p2_hypocratic", "nprophet_p3_hypocratic", "nprophet_p5_hypocratic", "nprophet_p8_hypocratic"], "count": [106, 111, 114, 0, 92, 86, 102, 79, 89, 94, 105, 63, 85, 89, 82, 20, 15, 127, 79, 98, 88, 54, 61, 60, 73, 83, 82, 36, 33, 32, 10, 14, 18, 15, 22, 36, 30, 29, 34, 37, 23, 23, 32, 25, 35, 32, 20, 0, 0, 0, 16, 15, 15, 9, 16], "rating": [1159.7819994057627, 1922.1879682768424, 1737.2143218688273, 1600, 1507.132844258164, 1329.0361637423832, 1422.7157951853787, 1492.0468975418783, 1534.893102420449, 1440.6963409623727, 1347.1580426093785, 1353.1436766592644, 934.3091234891161, 948.4642124950058, 1826.8940202956076, 1719.798007550354, 1529.9465104711574, 1621.6143426789072, 2029.801760641696, 1921.4271280333355, 1925.6164990680165, 1725.2601725834227, 1696.9563920394492, 1636.752190878287, 1880.65964303901, 1823.0354678505632, 1491.7011333359142, 1747.1797767230776, 1616.9320943820971, 1825.6592441177386, 1435.8375001593572, 1408.9548586065332, 1556.6371516662718, 1399.12264011035, 1336.0501686907085, 1633.1761554868353, 1711.3746533178694, 1647.4903075666975, 1563.2063880863261, 1690.5048782153958, 1689.5577221654416, 1677.6706093499238, 1717.9520848163709, 1809.5460671873827, 1792.6849789498378, 2062.048483947584, 1687.976077230002, 1600, 1600, 1600, 1405.997447560694, 1478.478557262028, 1475.2199863609362, 1475.5150903500603, 1490.4607876684008], "traceback": ["passing", "passing", "passing", "Traceback (most recent call last):\n  File \"/Users/petercotton/virtual-envs/timeseries-elo-ratings/lib/python3.7/site-packages/timemachines/skatertools/comparison/skaterelo.py\", line 90, in skater_elo_update\n    score = evaluator(f=f, y=y, k=k, a=None, t=t, e=None, n_burn=n_burn)\n  File \"/Users/petercotton/virtual-envs/timeseries-elo-ratings/lib/python3.7/site-packages/timemachines/skatertools/evaluation/evaluators.py\", line 30, in evaluate_mean_squared_error\n    return evaluate_sklearn_metric(f=f, y=y, k=k, a=a, t=t, e=e, r=r, metric=mean_squared_error, n_burn=n_burn)\n  File \"/Users/petercotton/virtual-envs/timeseries-elo-ratings/lib/python3.7/site-packages/timemachines/skatertools/evaluation/evaluators.py\", line 22, in evaluate_sklearn_metric\n    x, x_std = prior(f=f, y=y, k=k, a=a, t=t, r=r, e=e )\n  File \"/Users/petercotton/virtual-envs/timeseries-elo-ratings/lib/python3.7/site-packages/timemachines/skating.py\", line 53, in prior\n    x_post, x_std = posterior(f=f, y=y, k=k, a=a, t=t, e=e, r=r)\n  File \"/Users/petercotton/virtual-envs/timeseries-elo-ratings/lib/python3.7/site-packages/timemachines/skating.py\", line 39, in posterior\n    xi, x_stdi, s = f(y=yi, s=s, k=k, a=ai, t=ti, e=e) # <-- Must provide k-vectors (mean, std devo)\n  File \"/Users/petercotton/virtual-envs/timeseries-elo-ratings/lib/python3.7/site-packages/timemachines/skaters/simple/linear.py\", line 23, in regress_change_on_first_known\n    dy_hat, dy_hat_std = regress_level_on_first_known(y=[dy0], s=s['d'], k=k, a=a, t=t, e=e)\nValueError: too many values to unpack (expected 2)\n", "passing", "passing", "passing", "passing", "passing", "passing", "passing", "passing", "passing", "passing", "passing", "passing", "passing", "passing", "passing", "passing", "passing", "passing", "passing", "passing", "passing", "passing", "passing", "passing", "passing", "passing", "passing", "passing", "passing", "passing", "passing", "passing", "passing", "passing", "passing", "passing", "passing", "passing", "passing", "passing", "passing", "passing", "passing", "not yet run", "not yet run", "not yet run", "passing", "Traceback (most recent call last):\n  File \"/Users/petercotton/virtual-envs/timeseries-elo-ratings/lib/python3.7/site-packages/timemachines/skatertools/comparison/skaterelo.py\", line 90, in skater_elo_update\n    score = evaluator(f=f, y=y, k=k, a=None, t=t, e=None, n_burn=n_burn)\n  File \"/Users/petercotton/virtual-envs/timeseries-elo-ratings/lib/python3.7/site-packages/timemachines/skatertools/evaluation/evaluators.py\", line 30, in evaluate_mean_squared_error\n    return evaluate_sklearn_metric(f=f, y=y, k=k, a=a, t=t, e=e, r=r, metric=mean_squared_error, n_burn=n_burn)\n  File \"/Users/petercotton/virtual-envs/timeseries-elo-ratings/lib/python3.7/site-packages/timemachines/skatertools/evaluation/evaluators.py\", line 22, in evaluate_sklearn_metric\n    x, x_std = prior(f=f, y=y, k=k, a=a, t=t, r=r, e=e )\n  File \"/Users/petercotton/virtual-envs/timeseries-elo-ratings/lib/python3.7/site-packages/timemachines/skating.py\", line 53, in prior\n    x_post, x_std = posterior(f=f, y=y, k=k, a=a, t=t, e=e, r=r)\n  File \"/Users/petercotton/virtual-envs/timeseries-elo-ratings/lib/python3.7/site-packages/timemachines/skating.py\", line 39, in posterior\n    xi, x_stdi, s = f(y=yi, s=s, k=k, a=ai, t=ti, e=e) # <-- Must provide k-vectors (mean, std devo)\n  File \"/Users/petercotton/virtual-envs/timeseries-elo-ratings/lib/python3.7/site-packages/timemachines/skaters/nproph/nprophskaterscomposed.py\", line 15, in nprophet_p2_hypocratic\n    return quickly_moving_hypocratic_residual_factory(y=y, s=s, k=k, a=a, t=t, e=e, r=None, f=nprophet_p2)\n  File \"/Users/petercotton/virtual-envs/timeseries-elo-ratings/lib/python3.7/site-packages/timemachines/skatertools/composition/residualshypocratic.py\", line 15, in quickly_moving_hypocratic_residual_factory\n    return residual_chaser_factory(y=y,s=s,k=k,a=a,t=t,e=e,f1=f,r1=r,f2=quickly_hypocratic,r2=r)\n  File \"/Users/petercotton/virtual-envs/timeseries-elo-ratings/lib/python3.7/site-packages/timemachines/skatertools/composition/residualcomposition.py\", line 37, in residual_chaser_factory\n    x1, x1_std, s['s1'] = f1(y=y,s=s['s1'],k=k, a=a,t=t,e=e)\n  File \"/Users/petercotton/virtual-envs/timeseries-elo-ratings/lib/python3.7/site-packages/timemachines/skaters/nproph/nprophetskaters.py\", line 16, in nprophet_p2\n    return nprophet_skater_factory(y=y,s=s,k=k,a=a,t=t,e=e, recursive = False, model_params = {'n_lags':2})\n  File \"/Users/petercotton/virtual-envs/timeseries-elo-ratings/lib/python3.7/site-packages/timemachines/skaters/nproph/nprophetskaterfactory.py\", line 77, in nprophet_skater_factory\n    recursive=recursive, model_params=model_params)\n  File \"/Users/petercotton/virtual-envs/timeseries-elo-ratings/lib/python3.7/site-packages/timemachines/skaters/nproph/nprophetiskaterfactory.py\", line 18, in nprophet_iskater_factory\n    x, x_std, forecast,m = nprophet_fit_and_predict_simple(y=y0s,k=k,freq=freq,model_params=model_params)\n  File \"/Users/petercotton/virtual-envs/timeseries-elo-ratings/lib/python3.7/site-packages/timemachines/skaters/nproph/nprophetiskaterfactory.py\", line 41, in nprophet_fit_and_predict_simple\n    metrics = model.fit(df, freq=freq, epochs=40, 