{"name": ["empirical_last_value", "slowly_moving_average", "quickly_moving_average", "regress_change_on_first_known", "fbprophet_exogenous", "fbprophet_known", "fbprophet_univariate", "fbprophet_recursive", "fbprophet_cautious", "fbprophet_chaser", "divine_univariate", "dlm_univariate_a", "dlm_univariate_b", "fbprophet_exogenous_hypocratic", "fbprophet_univariate_hypocratic", "fbprophet_cautious_hypocratic", "fbprophet_exogenous_exogenous", "fbprophet_univariate_univariate_hypocratic", "thinking_fast_and_fast", "thinking_fast_and_slow", "thinking_slow_and_slow", "thinking_slow_and_fast", "divine_univariate_hypocratic_slow", "divine_univariate_hypocratic_fast", "pmd_univariate", "pmd_exogenous_hypocratic", "sluggish_moving_average", "rapidly_moving_average", "balanced_ema_ensemble", "aggressive_ema_ensemble", "precision_ema_ensemble", "nprophet_p1", "nprophet_p2", "nprophet_p3", "nprophet_p5", "nprophet_p8", "quick_balanced_ema_ensemble", "slow_balanced_ema_ensemble", "quick_aggressive_ema_ensemble", "slow_aggressive_ema_ensemble", "quick_precision_ema_ensemble", "slow_precision_ema_ensemble", "tsa_p1_d0_q0", "tsa_p2_d0_q0", "tsa_p3_d0_q0", "tsa_p1_d0_q1", "tsa_p2_d0_q1", "tsa_p3_d0_q1", "tsa_p1_d1_q0", "tsa_p2_d1_q0", "tsa_p3_d1_q0", "nprophet_p1_hypocratic", "nprophet_p2_hypocratic", "nprophet_p3_hypocratic", "nprophet_p5_hypocratic", "nprophet_p8_hypocratic"], "count": [164, 182, 169, 0, 134, 166, 161, 154, 160, 52, 144, 78, 59, 85, 78, 73, 88, 85, 122, 108, 137, 109, 88, 69, 74, 82, 100, 92, 114, 78, 101, 26, 41, 21, 23, 21, 50, 36, 50, 54, 66, 47, 47, 42, 45, 55, 55, 55, 0, 0, 0, 25, 37, 28, 38, 30], "rating": [1410.5051310272984, 1570.7120509228955, 1659.9826357887819, 1600, 1274.5553362386893, 1325.939983916786, 1421.4583823653854, 1508.0820868722026, 1570.2492595825943, 1612.1599029776874, 1735.7702895360505, 1406.2315140612661, 1514.926360648554, 1629.2783272493577, 1615.7820324296752, 1611.3131830060515, 1516.5780625814202, 1540.640370146739, 1609.2287103344588, 1794.2166035746488, 1675.8604406108093, 1697.6098189147854, 1721.8171536782859, 1749.6012186436935, 1250.1738370805838, 1320.0733276823148, 1338.9469315908439, 1434.8674392419903, 1826.0656584578376, 1802.102302179064, 1603.6878462976024, 1778.7431477972518, 1616.166511997903, 1365.1164317154528, 1660.931554622679, 1508.1281170140687, 1839.5613187889116, 1552.3927676579428, 1741.6428230864049, 1697.940819692955, 1732.6363457496043, 1638.263427640103, 1730.385701549726, 1687.951131344463, 1714.3798041024954, 1771.0710261911997, 1665.1702780364394, 1995.5368800119309, 1600, 1600, 1600, 1487.096100779325, 1565.2341889270676, 1673.381030359211, 1545.3843525668556, 1384.8564720411812], "traceback": ["passing", "passing", "passing", "Traceback (most recent call last):\n  File \"/Users/petercotton/virtual-envs/timeseries-elo-ratings/lib/python3.7/site-packages/timemachines/skatertools/comparison/skaterelo.py\", line 90, in skater_elo_update\n    score = evaluator(f=f, y=y, k=k, a=None, t=t, e=None, n_burn=n_burn)\n  File \"/Users/petercotton/virtual-envs/timeseries-elo-ratings/lib/python3.7/site-packages/timemachines/skatertools/evaluation/evaluators.py\", line 30, in evaluate_mean_squared_error\n    return evaluate_sklearn_metric(f=f, y=y, k=k, a=a, t=t, e=e, r=r, metric=mean_squared_error, n_burn=n_burn)\n  File \"/Users/petercotton/virtual-envs/timeseries-elo-ratings/lib/python3.7/site-packages/timemachines/skatertools/evaluation/evaluators.py\", line 22, in evaluate_sklearn_metric\n    x, x_std = prior(f=f, y=y, k=k, a=a, t=t, r=r, e=e )\n  File \"/Users/petercotton/virtual-envs/timeseries-elo-ratings/lib/python3.7/site-packages/timemachines/skating.py\", line 53, in prior\n    x_post, x_std = posterior(f=f, y=y, k=k, a=a, t=t, e=e, r=r)\n  File \"/Users/petercotton/virtual-envs/timeseries-elo-ratings/lib/python3.7/site-packages/timemachines/skating.py\", line 39, in posterior\n    xi, x_stdi, s = f(y=yi, s=s, k=k, a=ai, t=ti, e=e) # <-- Must provide k-vectors (mean, std devo)\n  File \"/Users/petercotton/virtual-envs/timeseries-elo-ratings/lib/python3.7/site-packages/timemachines/skaters/simple/linear.py\", line 23, in regress_change_on_first_known\n    dy_hat, dy_hat_std = regress_level_on_first_known(y=[dy0], s=s['d'], k=k, a=a, t=t, e=e)\nValueError: too many values to unpack (expected 2)\n", "passing", "passing", "passing", "passing", "passing", "Traceback (most recent call last):\n  File \"/opt/hostedtoolcache/Python/3.8.7/x64/lib/python3.8/site-packages/timemachines/skaters/eloratings.py\", line 72, in skater_elo_update\n    score = evaluator(f=f, y=y, k=k, a=None, t=t, e=None, n_burn=n_burn)\n  File \"/opt/hostedtoolcache/Python/3.8.7/x64/lib/python3.8/site-packages/timemachines/skaters/evaluation.py\", line 30, in evaluate_mean_squared_error\n    return evaluate_sklearn_metric(f=f, y=y, k=k, a=a, t=t, e=e, r=r, metric=mean_squared_error, n_burn=n_burn)\n  File \"/opt/hostedtoolcache/Python/3.8.7/x64/lib/python3.8/site-packages/timemachines/skaters/evaluation.py\", line 22, in evaluate_sklearn_metric\n    x, x_std = prior(f=f, y=y, k=k, a=a, t=t, r=r, e=e )\n  File \"/opt/hostedtoolcache/Python/3.8.7/x64/lib/python3.8/site-packages/timemachines/skaters/skating.py\", line 43, in prior\n    x_post, x_std = posterior(f=f, y=y, k=k, a=a, t=t, e=e, r=r)\n  File \"/opt/hostedtoolcache/Python/3.8.7/x64/lib/python3.8/site-packages/timemachines/skaters/skating.py\", line 29, in posterior\n    xi, x_stdi, s = f(y=yi, s=s, k=k, a=ai, t=ti, e=e)\n  File \"/opt/hostedtoolcache/Python/3.8.7/x64/lib/python3.8/site-packages/timemachines/skaters/proph/prophskaters.py\", line 38, in fbprophet_chaser\n    from timemachines.skaters.composition.correcting import residual_chaser_factory\nModuleNotFoundError: No module named 'timemachines.skaters.composition'\n", "passing", "passing", "passing", "passing", "passing", "passing", "passing", "passing", "passing", "passing", "passing", "passing", "passing", "passing", "passing", "passing", "passing", "passing", "passing", "passing", "passing", "passing", "passing", "passing", "passing", "passing", "passing", "passing", "passing", "passing", "passing", "passing", "passing", "passing", "passing", "passing", "passing", "passing", "not yet run", "not yet run", "not yet run", "passing", "passing", "passing", "passing", "passing"], "active": [true, true, true, false, false, false, false, true, false, false, false, false, false, false, false, false, false, false, true, true, true, true, false, false, false, false, true, true, true, true, true, false, false, false, false, false, true, true, true, true, true, true, true, true, true, true, true, true, false, false, false, false, false, false, false, false], "evaluator": "evaluate_mean_squared_error"}