{"name": ["empirical_last_value", "slowly_moving_average", "quickly_moving_average", "regress_change_on_first_known", "fbprophet_exogenous", "fbprophet_known", "fbprophet_univariate", "fbprophet_recursive", "fbprophet_cautious", "fbprophet_exogenous_hypocratic", "fbprophet_univariate_hypocratic", "fbprophet_cautious_hypocratic", "fbprophet_exogenous_exogenous", "fbprophet_univariate_univariate_hypocratic", "divine_univariate", "dlm_univariate_a", "dlm_univariate_b", "thinking_fast_and_fast", "thinking_fast_and_slow", "thinking_slow_and_slow", "thinking_slow_and_fast", "divine_univariate_hypocratic_slow", "divine_univariate_hypocratic_fast", "pmd_univariate", "pmd_exogenous_hypocratic", "sluggish_moving_average", "rapidly_moving_average", "balanced_ema_ensemble", "aggressive_ema_ensemble", "precision_ema_ensemble", "nprophet_p1", "nprophet_p2", "nprophet_p3", "nprophet_p5", "nprophet_p8", "quick_balanced_ema_ensemble", "slow_balanced_ema_ensemble", "quick_aggressive_ema_ensemble", "slow_aggressive_ema_ensemble", "quick_precision_ema_ensemble", "slow_precision_ema_ensemble", "tsa_p1_d0_q0", "tsa_p2_d0_q0", "tsa_p3_d0_q0", "tsa_p1_d0_q1", "tsa_p2_d0_q1", "tsa_p3_d0_q1", "tsa_p1_d1_q0", "tsa_p2_d1_q0", "tsa_p3_d1_q0", "nprophet_p1_hypocratic", "nprophet_p2_hypocratic", "nprophet_p3_hypocratic", "nprophet_p5_hypocratic", "nprophet_p8_hypocratic"], "count": [88, 98, 94, 0, 78, 79, 89, 70, 83, 79, 91, 57, 77, 81, 71, 20, 15, 109, 66, 88, 76, 47, 55, 52, 63, 58, 66, 17, 17, 11, 4, 6, 5, 8, 7, 17, 12, 12, 18, 19, 13, 10, 12, 9, 15, 14, 7, 0, 0, 0, 5, 9, 4, 3, 6], "rating": [1018.6386643057917, 1846.352168615512, 1807.7759039324803, 1600, 1533.1632412205624, 1268.2521595981643, 1435.0314689897766, 1387.4363720854092, 1596.6732535516476, 1424.5213147245586, 1326.0451279147044, 1388.4508935890174, 931.1058756292344, 940.3629821336949, 1761.9234040622048, 1719.798007550354, 1529.9465104711574, 1689.871476453427, 1974.1959709134042, 1961.666715781339, 2045.0830514831528, 1776.2183768355062, 1764.952983744981, 1629.331531280187, 1774.288874465102, 1739.7751968826774, 1648.6657873326208, 1743.1423509013298, 1722.4190236183028, 1675.7211651353773, 1569.6608202955424, 1511.1400004140044, 1497.3178582699563, 1426.3669644060826, 1522.0959583679162, 1630.0814957456387, 1577.4930977489098, 1527.3896985016602, 1474.047962877637, 1705.9759772842406, 1684.710238036918, 1738.0364001866483, 1669.4120248453835, 1764.5727834686663, 1757.9233143789852, 1871.074646559287, 1666.9112017485556, 1600, 1600, 1600, 1473.0980349523954, 1464.8882742027213, 1609.4539178529892, 1550.677820580525, 1540.3391234321223], "traceback": ["passing", "passing", "passing", "Traceback (most recent call last):\n  File \"/Users/petercotton/virtual-envs/timeseries-elo-ratings/lib/python3.7/site-packages/timemachines/skatertools/comparison/skaterelo.py\", line 90, in skater_elo_update\n    score = evaluator(f=f, y=y, k=k, a=None, t=t, e=None, n_burn=n_burn)\n  File \"/Users/petercotton/virtual-envs/timeseries-elo-ratings/lib/python3.7/site-packages/timemachines/skatertools/evaluation/evaluators.py\", line 30, in evaluate_mean_squared_error\n    return evaluate_sklearn_metric(f=f, y=y, k=k, a=a, t=t, e=e, r=r, metric=mean_squared_error, n_burn=n_burn)\n  File \"/Users/petercotton/virtual-envs/timeseries-elo-ratings/lib/python3.7/site-packages/timemachines/skatertools/evaluation/evaluators.py\", line 22, in evaluate_sklearn_metric\n    x, x_std = prior(f=f, y=y, k=k, a=a, t=t, r=r, e=e )\n  File \"/Users/petercotton/virtual-envs/timeseries-elo-ratings/lib/python3.7/site-packages/timemachines/skating.py\", line 53, in prior\n    x_post, x_std = posterior(f=f, y=y, k=k, a=a, t=t, e=e, r=r)\n  File \"/Users/petercotton/virtual-envs/timeseries-elo-ratings/lib/python3.7/site-packages/timemachines/skating.py\", line 39, in posterior\n    xi, x_stdi, s = f(y=yi, s=s, k=k, a=ai, t=ti, e=e) # <-- Must provide k-vectors (mean, std devo)\n  File \"/Users/petercotton/virtual-envs/timeseries-elo-ratings/lib/python3.7/site-packages/timemachines/skaters/simple/linear.py\", line 23, in regress_change_on_first_known\n    dy_hat, dy_hat_std = regress_level_on_first_known(y=[dy0], s=s['d'], k=k, a=a, t=t, e=e)\nValueError: too many values to unpack (expected 2)\n", "passing", "passing", "passing", "passing", "passing", "passing", "passing", "passing", "passing", "passing", "passing", "passing", "passing", "passing", "passing", "passing", "passing", "passing", "passing", "passing", "passing", "passing", "passing", "passing", "passing", "passing", "passing", "passing", "passing", "passing", "passing", "passing", "passing", "passing", "passing", "passing", "passing", "passing", "passing", "passing", "passing", "passing", "passing", "not yet run", "not yet run", "not yet run", "passing", "passing", "passing", "passing", "passing"], "active": [true, true, true, false, true, true, true, true, true, true, true, true, true, true, true, false, false, true, true, true, true, true, true, true, true, true, true, true, true, true, true, true, true, true, true, true, true, true, true, true, true, true, true, true, true, true, true, false, false, false, true, true, true, true, true], "evaluator": "evaluate_mean_squared_error"}