{"name": ["empirical_last_value", "slowly_moving_average", "quickly_moving_average", "regress_change_on_first_known", "fbprophet_exogenous", "fbprophet_known", "fbprophet_univariate", "fbprophet_recursive", "fbprophet_cautious", "fbprophet_chaser", "divine_univariate", "dlm_univariate_a", "dlm_univariate_b", "fbprophet_exogenous_hypocratic", "fbprophet_univariate_hypocratic", "fbprophet_cautious_hypocratic", "fbprophet_exogenous_exogenous", "fbprophet_univariate_univariate_hypocratic", "thinking_fast_and_fast", "thinking_fast_and_slow", "thinking_slow_and_slow", "thinking_slow_and_fast", "divine_univariate_hypocratic_slow", "divine_univariate_hypocratic_fast", "pmd_univariate", "pmd_exogenous_hypocratic", "sluggish_moving_average", "rapidly_moving_average", "balanced_ema_ensemble", "aggressive_ema_ensemble", "precision_ema_ensemble", "nprophet_p1", "nprophet_p2", "nprophet_p3", "nprophet_p5", "nprophet_p8", "quick_balanced_ema_ensemble", "slow_balanced_ema_ensemble", "quick_aggressive_ema_ensemble", "slow_aggressive_ema_ensemble", "quick_precision_ema_ensemble", "slow_precision_ema_ensemble", "tsa_p1_d0_q0", "tsa_p2_d0_q0", "tsa_p3_d0_q0", "tsa_p1_d0_q1", "tsa_p2_d0_q1", "tsa_p3_d0_q1", "tsa_p1_d1_q0", "tsa_p2_d1_q0", "tsa_p3_d1_q0", "nprophet_p1_hypocratic", "nprophet_p2_hypocratic", "nprophet_p3_hypocratic", "nprophet_p5_hypocratic", "nprophet_p8_hypocratic"], "count": [136, 140, 145, 0, 111, 118, 99, 121, 120, 0, 109, 72, 78, 66, 71, 50, 67, 59, 89, 77, 75, 76, 63, 59, 58, 57, 64, 70, 10, 21, 15, 5, 9, 8, 4, 6, 19, 18, 26, 16, 24, 11, 17, 13, 16, 12, 14, 26, 0, 0, 0, 5, 9, 6, 6, 7], "rating": [1176.3721553582186, 1947.6723297342555, 1626.2841574123015, 1600, 1620.3414662121081, 1399.706283888103, 1450.0857073960449, 1419.475201783558, 1480.172498089466, 1600, 1735.3511134291273, 1709.4776233932075, 1421.5999804087005, 1392.5227595503222, 1507.0193603352188, 1487.8852411575606, 936.8040811628518, 1102.0661933144534, 1536.1085503240165, 1977.95278029497, 1845.41049514674, 1872.366238601456, 1840.6198986732759, 1726.5223706117497, 1727.6435740658446, 1660.736540514108, 1675.7061076035664, 1526.3763676934393, 1799.5032384080419, 1763.001643801081, 1666.9972381286639, 1556.6813251148985, 1516.6507944755397, 1437.495210332698, 1517.5010247837613, 1524.963767810113, 1647.4969706149664, 1694.2845075646605, 1579.139597893662, 1794.252994087864, 1576.1268465831508, 1664.175000395434, 1721.0271098517453, 1671.5053068520972, 1702.493939498033, 1687.6033429026786, 1727.1258429978436, 1743.2373209092482, 1600, 1600, 1600, 1462.8968576577881, 1518.4255756223013, 1533.062806860793, 1586.498067265458, 1463.1427295046756], "traceback": ["passing", "passing", "passing", "Traceback (most recent call last):\n  File \"/Users/petercotton/virtual-envs/timeseries-elo-ratings/lib/python3.7/site-packages/timemachines/skatertools/comparison/skaterelo.py\", line 90, in skater_elo_update\n    score = evaluator(f=f, y=y, k=k, a=None, t=t, e=None, n_burn=n_burn)\n  File \"/Users/petercotton/virtual-envs/timeseries-elo-ratings/lib/python3.7/site-packages/timemachines/skatertools/evaluation/evaluators.py\", line 30, in evaluate_mean_squared_error\n    return evaluate_sklearn_metric(f=f, y=y, k=k, a=a, t=t, e=e, r=r, metric=mean_squared_error, n_burn=n_burn)\n  File \"/Users/petercotton/virtual-envs/timeseries-elo-ratings/lib/python3.7/site-packages/timemachines/skatertools/evaluation/evaluators.py\", line 22, in evaluate_sklearn_metric\n    x, x_std = prior(f=f, y=y, k=k, a=a, t=t, r=r, e=e )\n  File \"/Users/petercotton/virtual-envs/timeseries-elo-ratings/lib/python3.7/site-packages/timemachines/skating.py\", line 53, in prior\n    x_post, x_std = posterior(f=f, y=y, k=k, a=a, t=t, e=e, r=r)\n  File \"/Users/petercotton/virtual-envs/timeseries-elo-ratings/lib/python3.7/site-packages/timemachines/skating.py\", line 39, in posterior\n    xi, x_stdi, s = f(y=yi, s=s, k=k, a=ai, t=ti, e=e) # <-- Must provide k-vectors (mean, std devo)\n  File \"/Users/petercotton/virtual-envs/timeseries-elo-ratings/lib/python3.7/site-packages/timemachines/skaters/simple/linear.py\", line 23, in regress_change_on_first_known\n    dy_hat, dy_hat_std = regress_level_on_first_known(y=[dy0], s=s['d'], k=k, a=a, t=t, e=e)\nValueError: too many values to unpack (expected 2)\n", "passing", "passing", "passing", "passing", "passing", "Traceback (most recent call last):\n  File \"/opt/hostedtoolcache/Python/3.8.7/x64/lib/python3.8/site-packages/timemachines/skaters/eloratings.py\", line 72, in skater_elo_update\n    score = evaluator(f=f, y=y, k=k, a=None, t=t, e=None, n_burn=n_burn)\n  File \"/opt/hostedtoolcache/Python/3.8.7/x64/lib/python3.8/site-packages/timemachines/skaters/evaluation.py\", line 30, in evaluate_mean_squared_error\n    return evaluate_sklearn_metric(f=f, y=y, k=k, a=a, t=t, e=e, r=r, metric=mean_squared_error, n_burn=n_burn)\n  File \"/opt/hostedtoolcache/Python/3.8.7/x64/lib/python3.8/site-packages/timemachines/skaters/evaluation.py\", line 22, in evaluate_sklearn_metric\n    x, x_std = prior(f=f, y=y, k=k, a=a, t=t, r=r, e=e )\n  File \"/opt/hostedtoolcache/Python/3.8.7/x64/lib/python3.8/site-packages/timemachines/skaters/skating.py\", line 43, in prior\n    x_post, x_std = posterior(f=f, y=y, k=k, a=a, t=t, e=e, r=r)\n  File \"/opt/hostedtoolcache/Python/3.8.7/x64/lib/python3.8/site-packages/timemachines/skaters/skating.py\", line 29, in posterior\n    xi, x_stdi, s = f(y=yi, s=s, k=k, a=ai, t=ti, e=e)\n  File \"/opt/hostedtoolcache/Python/3.8.7/x64/lib/python3.8/site-packages/timemachines/skaters/proph/prophskaters.py\", line 38, in fbprophet_chaser\n    from timemachines.skaters.composition.correcting import residual_chaser_factory\nModuleNotFoundError: No module named 'timemachines.skaters.composition'\n", "passing", "passing", "passing", "passing", "passing", "passing", "passing", "passing", "passing", "passing", "passing", "passing", "passing", "passing", "passing", "passing", "passing", "passing", "passing", "passing", "passing", "passing", "passing", "passing", "passing", "passing", "passing", "passing", "passing", "passing", "passing", "passing", "passing", "passing", "passing", "passing", "passing", "passing", "not yet run", "not yet run", "not yet run", "passing", "passing", "passing", "passing", "passing"], "active": [true, true, true, false, true, true, true, true, true, false, true, false, false, true, true, true, true, true, true, true, true, true, true, true, true, true, true, true, true, true, true, true, true, true, true, true, true, true, true, true, true, true, true, true, true, true, true, true, false, false, false, true, true, true, true, true], "evaluator": "evaluate_mean_squared_error"}